Date,Region,Product,Sales
2023-01-01,north,Tablet,1872.46
2023-01-01,north,Laptop,2319.81
2023-01-01,north,Laptop,2379.88
2023-01-01,north,Tablet,1344.88
2023-01-02,north,Tablet,1741.86
2023-01-02,north,Tablet,1501.58
2023-01-02,north,Phone,1711.97
2023-01-02,north,Phone,1376.07
2023-01-03,north,Phone,2119.36
2023-01-03,north,Laptop,2180.81
2023-01-03,north,Laptop,2222.47
2023-01-03,north,Phone,1171.42
2023-01-04,north,Tablet,1919.85
2023-01-04,north,Tablet,1316.13
2023-01-04,north,Tablet,1496.33
2023-01-04,north,Laptop,1853.33
2023-01-05,north,Tablet,1621.23
2023-01-05,north,Phone,1836.92
2023-01-05,north,Laptop,2009.9
2023-01-05,north,Tablet,1156.25
2023-01-06,north,Tablet,1869.53
2023-01-06,NORTH,Tablet,1405.97
2023-01-06,NORTH,Phone,1521.03
2023-01-06,NORTH,Phone,1338.64
2023-01-07,NORTH,Phone,2601.75
2023-01-07,NORTH,Phone,1961.55
2023-01-07,NORTH,Laptop,2525.77
2023-01-07,NORTH,Phone,1635.71
2023-01-08,NORTH,Tablet,2039.67
2023-01-08,NORTH,Laptop,2246.33
2023-01-08,NORTH,Laptop,2531.06
2023-01-08,NORTH,Phone,1529.28
2023-01-09,NORTH,Laptop,2351.54
2023-01-09,NORTH,Laptop,1685.54
2023-01-09,NORTH,Laptop,2187.32
2023-01-09,NORTH,Tablet,1333.16
2023-01-10,NORTH,Tablet,1574.12
2023-01-10,NORTH,Tablet,1303.62
2023-01-10,NORTH,Laptop,1873.78
2023-01-10,NORTH,Tablet,1364.95
2023-01-11,NORTH,Tablet,1881.83
2023-01-11, south ,Phone,1735.02
2023-01-11, south ,Tablet,1193.34
2023-01-11, south ,Tablet,1360.42
2023-01-12, south ,Phone,1970.17
2023-01-12, south ,Tablet,1460.42
2023-01-12, south ,Tablet,1407.77
2023-01-12, south ,Laptop,1849.93
2023-01-13, south ,Tablet,1713.06
2023-01-13, south ,Laptop,1905.15
2023-01-13, south ,Phone,1744.65
2023-01-13, south ,Tablet,1045.78
2023-01-14, south ,Tablet,2198.44
2023-01-14, south ,Phone,1906.06
2023-01-14, south ,Phone,2030.22
2023-01-14, south ,Phone,1783.73
2023-01-15, south ,Phone,2133.39
2023-01-15, south ,Tablet,1665.12
2023-01-15, south ,Laptop,2309.69
2023-01-15, south ,Laptop,2020.85
2023-01-16, south ,Tablet,1891.06
2023-01-16,EAST ,Laptop,1906.21
2023-01-16,EAST ,Tablet,1500.77
2023-01-16,EAST ,Laptop,1764.81
2023-01-17,EAST ,Phone,1840.67
2023-01-17,EAST ,Tablet,1306.63
2023-01-17,EAST ,Tablet,1532.24
2023-01-17,EAST ,Laptop,1496.65
2023-01-18,EAST ,Laptop,2297.68
2023-01-18,EAST ,Phone,1545.89
2023-01-18,EAST ,Tablet,1212.18
2023-01-18,EAST ,Laptop,1796.02
2023-01-19,EAST ,Laptop,2233.74
2023-01-19,EAST ,Laptop,1937.38
2023-01-19,EAST ,Laptop,2013.79
2023-01-19,EAST ,Phone,1336.78
2023-01-20,EAST ,Phone,2015.09
2023-01-20,EAST ,Tablet,1177.53
2023-01-20,EAST ,Tablet,1609.17
2023-01-20,EAST ,Laptop,1707.14
2023-01-21,EAST ,Phone,2273.03
2023-01-21, west,Laptop,2571.07
2023-01-21, west,Laptop,2266.42
2023-01-21, west,Laptop,1985.06
2023-01-22, west,Tablet,2210.99
2023-01-22, west,Tablet,1683.54
2023-01-22, west,Phone,1722.4
2023-01-22, west,Tablet,1390.28
2023-01-23, west,Laptop,2162.09
2023-01-23, west,Phone,1782.49
2023-01-23, west,Laptop,2275.38
2023-01-23, west,Phone,1531.0
2023-01-24, west,Tablet,1980.85
2023-01-24, west,Tablet,1409.46
2023-01-24, west,Phone,1701.96
2023-01-24, west,Laptop,1856.67
2023-01-25, west,Phone,2050.07
2023-01-25, west,Tablet,1372.86
2023-01-25, west,Laptop,2244.72
2023-01-25, west,Tablet,1040.28
2023-01-26, west,,1992.65
2023-01-26,South,,1532.56
2023-01-26,East,,2143.96
2023-01-26,West,,1692.85
2023-01-27,North,,1926.22
2023-01-27,South,,1367.47
2023-01-27,East,,1321.3
2023-01-27,West,,1898.48
2023-01-28,North,,2445.49
2023-01-28,South,,1548.71
2023-01-28,East,,1848.31
2023-01-28,West,Tablet,1664.52
2023-01-29,North,Tablet,1757.21
2023-01-29,South,Phone,1890.56
2023-01-29,East,Phone,1953.28
2023-01-29,West,Tablet,1442.0
2023-01-30,North,Tablet,1701.95
2023-01-30,South,Tablet,1568.03
2023-01-30,East,Laptop,2193.85
2023-01-30,West,Tablet,1071.43
2023-01-31,North,Tablet,1698.26
2023-01-31,South,Phone,1578.59
2023-01-31,East,Laptop,2149.08
2023-01-31,West,Laptop,1875.99
2023-02-01,North,Laptop,2370.99
2023-02-01,South,Tablet,1339.08
2023-02-01,East,Laptop,2067.38
2023-02-01,West,Tablet,1128.71
2023-02-02,North,Laptop,2161.09
2023-02-02,South,Laptop,1873.06
2023-02-02,East,Phone,1725.98
2023-02-02,West,Phone,1457.8
2023-02-03,North,Phone,1908.73
2023-02-03,South,Phone,1378.55
2023-02-03,East,Phone,1830.87
2023-02-03,West,Tablet,1359.93
2023-02-04,North,Phone,1978.35
2023-02-04,South,Tablet,1411.83
2023-02-04,East,Phone,2000.67
2023-02-04,West,Laptop,2108.58
2023-02-05,North,Phone,2101.61
2023-02-05,South,Tablet,1533.34
2023-02-05,East,Tablet,1735.25
2023-02-05,West,Tablet,1318.59
2023-02-06,North,Tablet,1694.05
2023-02-06,South,Tablet,1269.8
2023-02-06,East,Phone,1802.94
2023-02-06,West,Phone,1158.09
2023-02-07,North,Laptop,2166.03
2023-02-07,South,Laptop,1899.78
2023-02-07,East,Laptop,2281.56
2023-02-07,West,Phone,1377.31
2023-02-08,North,Tablet,1585.17
2023-02-08,South,Laptop,2013.35
2023-02-08,East,Phone,1396.23
2023-02-08,West,Laptop,1827.97
2023-02-09,North,Tablet,1938.95
2023-02-09,South,Phone,1484.91
2023-02-09,East,Laptop,2367.19
2023-02-09,West,Laptop,1698.39
2023-02-10,North,Phone,1882.68
2023-02-10,South,Phone,1674.76
2023-02-10,East,Phone,1841.81
2023-02-10,West,Laptop,1989.96
2023-02-11,North,Laptop,2963.32
2023-02-11,South,Tablet,1707.37
2023-02-11,East,Tablet,1615.39
2023-02-11,West,Laptop,1878.01
2023-02-12,North,Phone,2251.57
2023-02-12,South,Phone,1898.7
2023-02-12,East,Phone,1468.81
2023-02-12,West,Laptop,1916.34
2023-02-13,North,Phone,1600.76
2023-02-13,South,Phone,1354.97
2023-02-13,East,Phone,1633.99
2023-02-13,West,Tablet,1219.61
2023-02-14,North,Phone,1908.78
2023-02-14,South,Laptop,2302.2
2023-02-14,East,Laptop,2245.89
2023-02-14,West,Tablet,1431.67
2023-02-15,North,Phone,1910.47
2023-02-15,South,Tablet,1292.2
2023-02-15,East,Phone,1544.84
2023-02-15,West,Laptop,1830.64
2023-02-16,North,Tablet,1766.94
2023-02-16,South,Laptop,2120.44
2023-02-16,East,Laptop,1928.26
2023-02-16,West,Laptop,1888.7
2023-02-17,North,Laptop,2218.24
2023-02-17,South,Laptop,1759.89
2023-02-17,East,Tablet,1268.44
2023-02-17,West,Phone,1567.53
2023-02-18,North,Laptop,2556.6
2023-02-18,South,Phone,1909.94
2023-02-18,East,Laptop,2494.42
2023-02-18,West,Laptop,2042.42
2023-02-19,North,Laptop,2652.61
2023-02-19,South,Laptop,2316.69
2023-02-19,East,Laptop,2695.56
2023-02-19,West,Tablet,1633.2
2023-02-20,North,Phone,
2023-02-20,South,Tablet,
2023-02-20,East,Phone,
2023-02-20,West,Tablet,
2023-02-21,North,Laptop,
2023-02-21,South,Phone,
2023-02-21,East,Laptop,
2023-02-21,West,Laptop,
2023-02-22,North,Phone,
2023-02-22,South,Laptop,
2023-02-22,East,Laptop,
2023-02-22,West,Phone,1547.6
2023-02-23,North,Tablet,1714.55
2023-02-23,South,Tablet,1439.27
2023-02-23,East,Laptop,2130.29
2023-02-23,West,Tablet,1079.29
2023-02-24,North,Laptop,2415.6
2023-02-24,South,Laptop,2050.06
2023-02-24,East,Tablet,1498.16
2023-02-24,West,Tablet,1065.41
2023-02-25,North,Phone,1871.5
2023-02-25,South,Tablet,1818.06
2023-02-25,East,Laptop,2291.18
2023-02-25,West,Laptop,2021.79
2023-02-26,North,Phone,2198.51
2023-02-26,South,Phone,1794.91
2023-02-26,East,Tablet,1509.08
2023-02-26,West,Laptop,2012.48
2023-02-27,North,Phone,1662.75
2023-02-27,South,Laptop,1961.85
2023-02-27,East,Laptop,2052.39
2023-02-27,West,Tablet,1268.77
2023-02-28,North,Laptop,2038.51
2023-02-28,South,Tablet,1510.42
2023-02-28,East,Tablet,1546.64
2023-02-28,West,Tablet,1421.3
2023-03-01,North,Phone,1854.65
2023-03-01,South,Phone,1549.32
2023-03-01,East,Phone,1827.79
2023-03-01,West,Tablet,1315.25
2023-03-02,North,Laptop,2426.03
2023-03-02,South,Phone,1720.0
2023-03-02,East,Laptop,1883.16
2023-03-02,West,Laptop,1673.38
2023-03-03,North,Phone,2103.82
2023-03-03,South,Laptop,1907.05
2023-03-03,East,Laptop,2133.61
2023-03-03,West,Laptop,1801.89
2023-03-04,North,Tablet,1884.21
2023-03-04,South,Tablet,1585.08
2023-03-04,East,Laptop,2309.73
2023-03-04,West,Laptop,1924.93
2023-03-05,North,Laptop,2510.41
2023-03-05,South,Tablet,1781.37
2023-03-05,East,Laptop,2393.51
2023-03-05,West,Laptop,1979.91
2023-03-06,North,Phone,1876.34
2023-03-06,South,Phone,1346.74
2023-03-06,East,Phone,1580.26
2023-03-06,West,Tablet,999.32
2023-03-07,North,Phone,2159.16
2023-03-07,South,Laptop,1726.11
2023-03-07,East,Laptop,1901.97
2023-03-07,West,Phone,1674.72
2023-03-08,North,Phone,1715.24
2023-03-08,South,Laptop,1978.44
2023-03-08,East,Phone,1744.32
2023-03-08,West,Tablet,1035.4
2023-03-09,North,Laptop,2282.82
2023-03-09,South,Tablet,1535.67
2023-03-09,East,Tablet,1483.71
2023-03-09,West,Phone,1391.68
2023-03-10,North,Laptop,2545.83
2023-03-10,South,Tablet,1383.79
2023-03-10,East,Laptop,2339.42
2023-03-10,West,Phone,1490.16
2023-03-11,North,Phone,1982.39
2023-03-11,South,Laptop,2146.91
2023-03-11,East,Phone,1827.72
2023-03-11,West,Phone,1469.56
2023-03-12,North,Laptop,2804.07
2023-03-12,South,Tablet,1783.71
2023-03-12,East,Tablet,1761.35
2023-03-12,West,Phone,1917.11
2023-03-13,North,Tablet,1876.89
2023-03-13,South,Phone,1560.13
2023-03-13,East,Laptop,2015.51
2023-03-13,West,Tablet,1580.89
2023-03-14,North,Tablet,1789.06
2023-03-14,South,Tablet,1531.92
2023-03-14,East,Tablet,1535.02
2023-03-14,West,Phone,1520.4
2023-03-15,North,Phone,2141.59
2023-03-15,South,Tablet,1541.1
2023-03-15,East,Tablet,1537.68
2023-03-15,West,Laptop,1731.93
2023-03-16,North,Phone,2029.91
2023-03-16,South,Phone,1534.46
2023-03-16,East,Tablet,1785.89
2023-03-16,West,Laptop,1834.14
2023-03-17,North,Phone,1897.79
2023-03-17,South,Laptop,2069.46
2023-03-17,East,Phone,1471.53
2023-03-17,West,Phone,1580.89
2023-03-18,North,Tablet,1682.1
2023-03-18,South,Tablet,1689.69
2023-03-18,East,Laptop,2766.3
2023-03-18,West,Tablet,1214.72
2023-03-19,North,Phone,2048.79
2023-03-19,South,Laptop,2326.65
2023-03-19,East,Tablet,1731.56
2023-03-19,West,Phone,1771.05
2023-03-20,North,Laptop,2220.46
2023-03-20,South,Laptop,1831.07
2023-03-20,East,Phone,1484.89
2023-03-20,West,Phone,1371.27
2023-03-21,North,Laptop,2594.71
2023-03-21,South,Laptop,1955.29
2023-03-21,East,Phone,1777.19
2023-03-21,West,Tablet,1380.7
2023-03-22,North,Phone,1843.14
2023-03-22,South,Laptop,1791.06
2023-03-22,East,Phone,1726.72
2023-03-22,West,Tablet,1205.35
2023-03-23,North,Tablet,1694.72
2023-03-23,South,Tablet,1358.48
2023-03-23,East,Phone,1946.75
2023-03-23,West,Phone,1362.64
2023-03-24,North,Tablet,1827.71
2023-03-24,South,Tablet,1201.81
2023-03-24,East,Tablet,1961.83
2023-03-24,West,Laptop,1967.94
2023-03-25,North,Phone,2413.57
2023-03-25,South,Tablet,1183.99
2023-03-25,East,Laptop,2299.34
2023-03-25,West,Tablet,1466.43
2023-03-26,North,Laptop,2410.92
2023-03-26,South,Laptop,2273.5
2023-03-26,East,Laptop,2573.3
2023-03-26,West,Laptop,2168.05
2023-03-27,North,Phone,1911.61
2023-03-27,South,Phone,1420.81
2023-03-27,East,Tablet,1433.92
2023-03-27,West,Tablet,1437.31
2023-03-28,North,Phone,1768.66
2023-03-28,South,Phone,1342.58
2023-03-28,East,Phone,1698.32
2023-03-28,West,Phone,1154.3
2023-03-29,North,Laptop,2207.44
2023-03-29,South,Phone,1361.17
2023-03-29,East,Tablet,1526.09
2023-03-29,West,Tablet,1336.18
2023-03-30,North,Tablet,1613.48
2023-03-30,South,Phone,1663.31
2023-03-30,East,Tablet,1584.95
2023-03-30,West,Tablet,1324.77
2023-03-31,North,Phone,2039.95
2023-03-31,South,Phone,1435.74
2023-03-31,East,Phone,1585.51
2023-03-31,West,Laptop,1529.27
2023-04-01,North,Laptop,2922.05
2023-04-01,South,Phone,1822.39
2023-04-01,East,Phone,1784.13
2023-04-01,West,Laptop,2110.16
2023-04-02,North,Tablet,1695.56
2023-04-02,South,Phone,1968.76
2023-04-02,East,Laptop,2565.94
2023-04-02,West,Laptop,1983.47
2023-04-03,North,Tablet,1865.95
2023-04-03,South,Tablet,1465.75
2023-04-03,East,Tablet,1129.25
2023-04-03,West,Phone,1280.47
2023-04-04,North,Tablet,1725.46
2023-04-04,South,Tablet,1363.41
2023-04-04,East,Tablet,1527.53
2023-04-04,West,Laptop,1852.97
2023-04-05,North,Tablet,1610.82
2023-04-05,South,Phone,1638.25
2023-04-05,East,Tablet,1559.17
2023-04-05,West,Tablet,1136.85
2023-04-06,North,Phone,1568.78
2023-04-06,South,Laptop,2004.12
2023-04-06,East,Phone,1880.18
2023-04-06,West,Tablet,1138.79
2023-04-07,North,Phone,1937.53
2023-04-07,South,Laptop,2070.86
2023-04-07,East,Tablet,1799.71
2023-04-07,West,Laptop,1563.07
2023-04-08,North,Laptop,2748.02
2023-04-08,South,Laptop,1891.56
2023-04-08,East,Tablet,1381.64
2023-04-08,West,Tablet,1594.87
2023-04-09,North,Tablet,2092.43
2023-04-09,South,Tablet,1716.05
2023-04-09,East,Tablet,1819.92
2023-04-09,West,Tablet,1720.6
2023-04-10,North,Tablet,1626.89
2023-04-10,South,Laptop,2010.57
2023-04-10,East,Laptop,2224.55
2023-04-10,West,Phone,1271.59
2023-04-11,North,Phone,1892.24
2023-04-11,South,Phone,1826.14
2023-04-11,East,Laptop,2113.06
2023-04-11,West,Tablet,1057.9
2023-04-12,North,Laptop,2259.52
2023-04-12,South,Laptop,1803.19
2023-04-12,East,Laptop,1714.06
2023-04-12,West,Laptop,1742.17
2023-04-13,North,Phone,1904.09
2023-04-13,South,Phone,1529.73
2023-04-13,East,Tablet,1677.3
2023-04-13,West,Phone,1453.73
2023-04-14,North,Phone,1723.33
2023-04-14,South,Tablet,1247.96
2023-04-14,East,Tablet,1622.05
2023-04-14,West,Phone,1174.83
2023-04-15,North,Laptop,2775.18
2023-04-15,South,Tablet,1412.02
2023-04-15,East,Laptop,2447.53
2023-04-15,West,Phone,1676.32
2023-04-16,North,Laptop,2927.3
2023-04-16,South,Phone,1984.31
2023-04-16,East,Tablet,1752.58
2023-04-16,West,Phone,1625.01
2023-04-17,North,Tablet,1551.56
2023-04-17,South,Laptop,1931.13
2023-04-17,East,Phone,2080.8
2023-04-17,West,Laptop,1878.59
2023-04-18,North,Tablet,1676.3
2023-04-18,South,Laptop,1885.97
2023-04-18,East,Laptop,1962.71
2023-04-18,West,Laptop,1836.92
2023-04-19,North,Phone,1865.52
2023-04-19,South,Phone,1644.22
2023-04-19,East,Tablet,1449.63
2023-04-19,West,Tablet,1450.35
2023-04-20,North,Tablet,1531.19
2023-04-20,South,Laptop,1927.64
2023-04-20,East,Tablet,1655.82
2023-04-20,West,Tablet,1095.27
2023-04-21,North,Phone,1799.13
2023-04-21,South,Laptop,1851.73
2023-04-21,East,Tablet,1494.44
2023-04-21,West,Phone,1464.42
2023-04-22,North,Phone,2571.0
2023-04-22,South,Laptop,2251.38
2023-04-22,East,Phone,1837.62
2023-04-22,West,Tablet,1481.14
2023-04-23,North,Phone,2098.95
2023-04-23,South,Laptop,2160.47
2023-04-23,East,Laptop,2800.49
2023-04-23,West,Phone,1443.93
2023-04-24,North,Laptop,2261.75
2023-04-24,South,Phone,1775.6
2023-04-24,East,Phone,1388.24
2023-04-24,West,Phone,1213.9
2023-04-25,North,Tablet,1648.6
2023-04-25,South,Laptop,1894.28
2023-04-25,East,Tablet,1477.52
2023-04-25,West,Phone,1479.16
2023-04-26,North,Tablet,1533.41
2023-04-26,South,Tablet,1612.84
2023-04-26,East,Tablet,1572.8
2023-04-26,West,Laptop,1684.1
2023-04-27,North,Laptop,2056.62
2023-04-27,South,Tablet,1401.15
2023-04-27,East,Tablet,1885.71
2023-04-27,West,Laptop,1822.35
2023-04-28,North,Tablet,1844.42
2023-04-28,South,Tablet,1375.88
2023-04-28,East,Phone,1887.47
2023-04-28,West,Laptop,1863.05
2023-04-29,North,Phone,2086.42
2023-04-29,South,Phone,1641.9
2023-04-29,East,Tablet,1929.47
2023-04-29,West,Laptop,2185.49
2023-04-30,North,Tablet,2160.11
2023-04-30,South,Laptop,2386.24
2023-04-30,East,Tablet,1500.2
2023-04-30,West,Tablet,1550.87
2023-05-01,North,Phone,1850.6
2023-05-01,South,Laptop,1935.48
2023-05-01,East,Laptop,2287.0
2023-05-01,West,Phone,1074.52
2023-05-02,North,Laptop,2331.65
2023-05-02,South,Phone,1535.49
2023-05-02,East,Laptop,2094.35
2023-05-02,West,Phone,1565.5
2023-05-03,North,Tablet,1649.64
2023-05-03,South,Tablet,1551.91
2023-05-03,East,Laptop,2146.17
2023-05-03,West,Laptop,1543.47
2023-05-04,North,Laptop,2206.57
2023-05-04,South,Tablet,1287.28
2023-05-04,East,Phone,1702.77
2023-05-04,West,Laptop,1852.14
2023-05-05,North,Phone,1655.56
2023-05-05,South,Laptop,2032.78
2023-05-05,East,Laptop,2254.37
2023-05-05,West,Tablet,1270.89
2023-05-06,North,Laptop,2888.08
2023-05-06,South,Laptop,2478.07
2023-05-06,East,Laptop,2138.87
2023-05-06,West,Phone,1418.06
2023-05-07,North,Phone,2132.8
2023-05-07,South,Tablet,1582.28
2023-05-07,East,Phone,2078.66
2023-05-07,West,Tablet,1361.31
2023-05-08,North,Tablet,1781.15
2023-05-08,South,Tablet,1369.94
2023-05-08,East,Tablet,1236.78
2023-05-08,West,Tablet,1181.42
2023-05-09,North,Tablet,1613.65
2023-05-09,South,Phone,1568.3
2023-05-09,East,Tablet,1246.57
2023-05-09,West,Phone,1548.07
2023-05-10,North,Phone,1894.75
2023-05-10,South,Tablet,1615.62
2023-05-10,East,Phone,1580.46
2023-05-10,West,Phone,1388.63
2023-05-11,North,Laptop,2447.86
2023-05-11,South,Laptop,1860.83
2023-05-11,East,Laptop,2199.56
2023-05-11,West,Laptop,1951.52
2023-05-12,North,Tablet,1803.74
2023-05-12,South,Laptop,2142.92
2023-05-12,East,Tablet,1625.65
2023-05-12,West,Laptop,2005.2
2023-05-13,North,Phone,1956.02
2023-05-13,South,Phone,1773.81
2023-05-13,East,Laptop,2479.44
2023-05-13,West,Tablet,1411.15
2023-05-14,North,Phone,2307.77
2023-05-14,South,Phone,1802.58
2023-05-14,East,Tablet,1562.84
2023-05-14,West,Phone,1767.97
2023-05-15,North,Tablet,1694.07
2023-05-15,South,Phone,1652.23
2023-05-15,East,Tablet,1703.5
2023-05-15,West,Tablet,793.13
2023-05-16,North,Laptop,2108.89
2023-05-16,South,Laptop,2162.11
2023-05-16,East,Phone,1711.95
2023-05-16,West,Phone,1552.0
2023-05-17,North,Tablet,1916.63
2023-05-17,South,Laptop,1664.32
2023-05-17,East,Laptop,2284.52
2023-05-17,West,Laptop,1925.41
2023-05-18,North,Laptop,2097.58
2023-05-18,South,Tablet,1437.83
2023-05-18,East,Tablet,1512.34
2023-05-18,West,Tablet,1359.82
2023-05-19,North,Tablet,1622.41
2023-05-19,South,Laptop,2161.4
2023-05-19,East,Laptop,1859.19
2023-05-19,West,Laptop,1885.18
2023-05-20,North,Phone,2145.05
2023-05-20,South,Laptop,2142.82
2023-05-20,East,Laptop,2351.97
2023-05-20,West,Phone,1567.73
2023-05-21,North,Phone,2253.18
2023-05-21,South,Laptop,2354.11
2023-05-21,East,Laptop,2484.01
2023-05-21,West,Tablet,1342.54
2023-05-22,North,Laptop,2263.24
2023-05-22,South,Tablet,1217.53
2023-05-22,East,Phone,1602.72
2023-05-22,West,Phone,1520.28
2023-05-23,North,Tablet,2046.46
2023-05-23,South,Laptop,1850.42
2023-05-23,East,Tablet,1524.97
2023-05-23,West,Laptop,1873.87
2023-05-24,North,Tablet,1464.51
2023-05-24,South,Phone,1561.09
2023-05-24,East,Laptop,2006.53
2023-05-24,West,Tablet,1116.68
2023-05-25,North,Phone,1977.29
2023-05-25,South,Tablet,1529.13
2023-05-25,East,Laptop,2475.25
2023-05-25,West,Laptop,1870.44
2023-05-26,North,Laptop,2316.3
2023-05-26,South,Phone,1293.68
2023-05-26,East,Phone,2035.35
2023-05-26,West,Laptop,1700.11
2023-05-27,North,Tablet,1935.04
2023-05-27,South,Tablet,1721.35
2023-05-27,East,Tablet,1806.52
2023-05-27,West,Laptop,2232.54
2023-05-28,North,Tablet,1928.46
2023-05-28,South,Tablet,1432.76
2023-05-28,East,Phone,2087.62
2023-05-28,West,Phone,1467.4
2023-05-29,North,Phone,1822.36
2023-05-29,South,Laptop,1983.57
2023-05-29,East,Phone,1177.88
2023-05-29,West,Laptop,1669.47
2023-05-30,North,Tablet,1626.58
2023-05-30,South,Phone,1706.62
2023-05-30,East,Tablet,1561.41
2023-05-30,West,Tablet,1295.7
2023-05-31,North,Laptop,2260.06
2023-05-31,South,Laptop,1909.7
2023-05-31,East,Tablet,1547.67
2023-05-31,West,Tablet,1105.57
2023-06-01,North,Laptop,2244.45
2023-06-01,South,Phone,1424.97
2023-06-01,East,Tablet,1555.3
2023-06-01,West,Phone,1341.0
2023-06-02,North,Laptop,2266.14
2023-06-02,South,Laptop,1950.51
2023-06-02,East,Phone,1797.88
2023-06-02,West,Tablet,916.12
2023-06-03,North,Phone,2281.82
2023-06-03,South,Tablet,1876.99
2023-06-03,East,Phone,2132.96
2023-06-03,West,Tablet,1344.55
2023-06-04,North,Phone,2300.56
2023-06-04,South,Phone,1884.02
2023-06-04,East,Tablet,1798.56
2023-06-04,West,Laptop,1979.43
2023-06-05,North,Phone,1795.69
2023-06-05,South,Tablet,1343.76
2023-06-05,East,Phone,1755.07
2023-06-05,West,Tablet,1121.13
2023-06-06,North,Laptop,2534.83
2023-06-06,South,Phone,1540.14
2023-06-06,East,Tablet,1244.85
2023-06-06,West,Laptop,1739.03
2023-06-07,North,Laptop,2494.8
2023-06-07,South,Tablet,1366.15
2023-06-07,East,Phone,1591.48
2023-06-07,West,Tablet,1309.67
2023-06-08,North,Tablet,1422.98
2023-06-08,South,Phone,1465.0
2023-06-08,East,Phone,1593.37
2023-06-08,West,Laptop,1699.63
2023-06-09,North,Laptop,2375.36
2023-06-09,South,Tablet,1608.12
2023-06-09,East,Phone,1676.2
2023-06-09,West,Phone,1222.0
2023-06-10,North,Tablet,1813.34
2023-06-10,South,Laptop,2290.99
2023-06-10,East,Phone,2142.38
2023-06-10,West,Laptop,2143.71
2023-06-11,North,Phone,2083.54
2023-06-11,South,Phone,2052.64
2023-06-11,East,Laptop,2481.7
2023-06-11,West,Laptop,1920.7
2023-06-12,North,Laptop,2081.99
2023-06-12,South,Laptop,2244.8
2023-06-12,East,Laptop,2032.15
2023-06-12,West,Tablet,836.42
2023-06-13,North,Phone,2053.53
2023-06-13,South,Laptop,1785.96
2023-06-13,East,Phone,1738.7
2023-06-13,West,Tablet,1270.37
2023-06-14,North,Laptop,2299.46
2023-06-14,South,Phone,1376.25
2023-06-14,East,Laptop,2066.86
2023-06-14,West,Laptop,1804.03
2023-06-15,North,Phone,2053.47
2023-06-15,South,Phone,1563.74
2023-06-15,East,Laptop,2029.33
2023-06-15,West,Tablet,1361.27
2023-06-16,North,Phone,2037.9
2023-06-16,South,Phone,1632.88
2023-06-16,East,Tablet,1552.78
2023-06-16,West,Laptop,1819.92
2023-06-17,North,Tablet,1986.59
2023-06-17,South,Laptop,2374.54
2023-06-17,East,Tablet,1494.94
2023-06-17,West,Phone,1739.17
2023-06-18,North,Phone,2262.71
2023-06-18,South,Tablet,1748.7
2023-06-18,East,Tablet,1822.71
2023-06-18,West,Phone,1906.48
2023-06-19,North,Phone,1884.88
2023-06-19,South,Tablet,1574.78
2023-06-19,East,Laptop,2066.71
2023-06-19,West,Phone,1217.82
2023-06-20,North,Phone,2159.83
2023-06-20,South,Laptop,2111.26
2023-06-20,East,Laptop,1866.36
2023-06-20,West,Phone,1558.15
2023-06-21,North,Laptop,2378.43
2023-06-21,South,Tablet,1263.94
2023-06-21,East,Tablet,1303.32
2023-06-21,West,Laptop,1979.77
2023-06-22,North,Tablet,1530.83
2023-06-22,South,Tablet,1434.64
2023-06-22,East,Laptop,2061.39
2023-06-22,West,Phone,1149.71
2023-06-23,North,Laptop,2439.93
2023-06-23,South,Laptop,2080.97
2023-06-23,East,Phone,1733.67
2023-06-23,West,Phone,1557.06
2023-06-24,North,Laptop,2880.31
2023-06-24,South,Tablet,1320.97
2023-06-24,East,Phone,2044.97
2023-06-24,West,Tablet,1550.03
2023-06-25,North,Tablet,1821.77
2023-06-25,South,Tablet,1348.04
2023-06-25,East,Laptop,2601.95
2023-06-25,West,Laptop,2050.98
2023-06-26,North,Tablet,1628.55
2023-06-26,South,Phone,1758.25
2023-06-26,East,Tablet,1292.16
2023-06-26,West,Phone,1616.65
2023-06-27,North,Tablet,1594.45
2023-06-27,South,Laptop,1928.69
2023-06-27,East,Phone,1670.01
2023-06-27,West,Phone,1272.87
2023-06-28,North,Tablet,1872.31
2023-06-28,South,Phone,1289.04
2023-06-28,East,Laptop,2156.14
2023-06-28,West,Phone,1386.97
2023-06-29,North,Tablet,1505.8
2023-06-29,South,Laptop,2124.12
2023-06-29,East,Tablet,1266.62
2023-06-29,West,Tablet,1159.14
2023-06-30,North,Phone,1911.52
2023-06-30,South,Phone,1357.55
2023-06-30,East,Phone,1675.48
2023-06-30,West,Tablet,1028.22
2023-07-01,North,Laptop,2533.7
2023-07-01,South,Laptop,2046.8
2023-07-01,East,Tablet,1852.06
2023-07-01,West,Laptop,2253.38
2023-07-02,North,Laptop,2702.29
2023-07-02,South,Tablet,1617.01
2023-07-02,East,Tablet,1962.6
2023-07-02,West,Phone,1956.17
2023-07-03,North,Phone,1907.26
2023-07-03,South,Phone,1446.87
2023-07-03,East,Laptop,1914.4
2023-07-03,West,Laptop,1894.39
2023-07-04,North,Laptop,2557.36
2023-07-04,South,Laptop,2065.78
2023-07-04,East,Phone,1720.9
2023-07-04,West,Laptop,1867.88
2023-07-05,North,Tablet,1849.7
2023-07-05,South,Phone,1115.56
2023-07-05,East,Tablet,1369.33
2023-07-05,West,Phone,1460.51
2023-07-06,North,Laptop,2190.1
2023-07-06,South,Laptop,2025.81
2023-07-06,East,Laptop,1991.88
2023-07-06,West,Phone,1472.58
2023-07-07,North,Laptop,2284.57
2023-07-07,South,Phone,1545.98
2023-07-07,East,Laptop,2127.57
2023-07-07,West,Laptop,1825.02
2023-07-08,North,Tablet,1984.63
2023-07-08,South,Laptop,2309.88
2023-07-08,East,Laptop,2510.81
2023-07-08,West,Laptop,1898.55
2023-07-09,North,Laptop,2367.36
2023-07-09,South,Phone,1924.02
2023-07-09,East,Phone,1712.98
2023-07-09,West,Laptop,2209.65
2023-07-10,North,Laptop,2260.71
2023-07-10,South,Tablet,1273.85
2023-07-10,East,Phone,1447.28
2023-07-10,West,Phone,1259.94
2023-07-11,North,Tablet,1789.61
2023-07-11,South,Laptop,2055.18
2023-07-11,East,Tablet,1693.46
2023-07-11,West,Phone,1360.79
2023-07-12,North,Phone,1698.92
2023-07-12,South,Laptop,2124.67
2023-07-12,East,Phone,1939.18
2023-07-12,West,Laptop,1672.96
2023-07-13,North,Laptop,2459.53
2023-07-13,South,Tablet,1686.92
2023-07-13,East,Phone,1725.45
2023-07-13,West,Phone,1294.98
2023-07-14,North,Phone,1796.78
2023-07-14,South,Tablet,1687.87
2023-07-14,East,Laptop,2108.87
2023-07-14,West,Phone,1568.92
2023-07-15,North,Laptop,2658.44
2023-07-15,South,Tablet,1375.29
2023-07-15,East,Tablet,1878.37
2023-07-15,West,Phone,1282.14
2023-07-16,North,Phone,2211.91
2023-07-16,South,Laptop,2515.62
2023-07-16,East,Tablet,1862.49
2023-07-16,West,Laptop,2046.04
2023-07-17,North,Tablet,1715.63
2023-07-17,South,Tablet,1340.61
2023-07-17,East,Laptop,1890.37
2023-07-17,West,Phone,1385.71
2023-07-18,North,Laptop,2369.25
2023-07-18,South,Phone,1902.06
2023-07-18,East,Tablet,1508.67
2023-07-18,West,Phone,1515.45
2023-07-19,North,Phone,1751.56
2023-07-19,South,Phone,1691.12
2023-07-19,East,Laptop,1941.2
2023-07-19,West,Phone,1409.47
2023-07-20,North,Tablet,1976.99
2023-07-20,South,Laptop,1983.34
2023-07-20,East,Phone,1576.61
2023-07-20,West,Phone,1377.45
2023-07-21,North,Laptop,2371.55
2023-07-21,South,Tablet,1008.46
2023-07-21,East,Tablet,1881.91
2023-07-21,West,Phone,1461.96
2023-07-22,North,Laptop,2486.09
2023-07-22,South,Laptop,2314.13
2023-07-22,East,Laptop,2441.48
2023-07-22,West,Laptop,2109.81
2023-07-23,North,Phone,2056.41
2023-07-23,South,Tablet,1393.76
2023-07-23,East,Tablet,1623.98
2023-07-23,West,Phone,1651.85
2023-07-24,North,Laptop,2128.68
2023-07-24,South,Laptop,1912.45
2023-07-24,East,Tablet,1487.96
2023-07-24,West,Laptop,1963.99
2023-07-25,North,Laptop,2217.88
2023-07-25,South,Tablet,1209.33
2023-07-25,East,Tablet,1269.46
2023-07-25,West,Phone,1440.16
2023-07-26,North,Laptop,2286.76
2023-07-26,South,Phone,1936.96
2023-07-26,East,Tablet,1750.84
2023-07-26,West,Phone,1538.44
2023-07-27,North,Phone,2156.28
2023-07-27,South,Tablet,1288.12
2023-07-27,East,Tablet,1656.39
2023-07-27,West,Phone,1322.02
2023-07-28,North,Phone,1656.54
2023-07-28,South,Phone,1634.5
2023-07-28,East,Laptop,1934.88
2023-07-28,West,Laptop,1693.31
2023-07-29,North,Tablet,1960.11
2023-07-29,South,Phone,1667.0
2023-07-29,East,Laptop,2444.43
2023-07-29,West,Phone,1519.72
2023-07-30,North,Phone,2020.71
2023-07-30,South,Phone,1892.45
2023-07-30,East,Tablet,1500.06
2023-07-30,West,Tablet,1180.55
2023-07-31,North,Phone,1607.33
2023-07-31,South,Phone,1455.66
2023-07-31,East,Phone,1551.4
2023-07-31,West,Phone,1494.41
2023-08-01,North,Phone,2087.37
2023-08-01,South,Laptop,1904.99
2023-08-01,East,Tablet,1336.15
2023-08-01,West,Laptop,1752.54
2023-08-02,North,Laptop,2311.28
2023-08-02,South,Phone,1734.06
2023-08-02,East,Phone,1728.81
2023-08-02,West,Laptop,1753.63
2023-08-03,North,Laptop,2375.56
2023-08-03,South,Phone,1637.36
2023-08-03,East,Laptop,1982.1
2023-08-03,West,Laptop,1600.32
2023-08-04,North,Phone,1913.08
2023-08-04,South,Tablet,1456.21
2023-08-04,East,Tablet,1334.5
2023-08-04,West,Phone,1077.07
2023-08-05,North,Tablet,2022.35
2023-08-05,South,Tablet,1472.92
2023-08-05,East,Phone,1655.91
2023-08-05,West,Tablet,1562.75
2023-08-06,North,Laptop,2657.27
2023-08-06,South,Tablet,1537.67
2023-08-06,East,Phone,2040.27
2023-08-06,West,Phone,1699.94
2023-08-07,North,Laptop,2234.88
2023-08-07,South,Phone,1468.43
2023-08-07,East,Phone,1862.88
2023-08-07,West,Laptop,1871.2
2023-08-08,North,Laptop,2669.73
2023-08-08,South,Phone,1504.98
2023-08-08,East,Phone,1701.55
2023-08-08,West,Laptop,1603.22
2023-08-09,North,Phone,1844.24
2023-08-09,South,Laptop,1801.15
2023-08-09,East,Phone,1462.81
2023-08-09,West,Laptop,1805.42
2023-08-10,North,Laptop,2408.87
2023-08-10,South,Laptop,1881.16
2023-08-10,East,Tablet,1729.61
2023-08-10,West,Tablet,1382.81
2023-08-11,North,Tablet,1596.7
2023-08-11,South,Tablet,1340.6
2023-08-11,East,Phone,1722.3
2023-08-11,West,Laptop,1749.44
2023-08-12,North,Tablet,1870.45
2023-08-12,South,Laptop,2180.86
2023-08-12,East,Phone,1839.53
2023-08-12,West,Laptop,1985.93
2023-08-13,North,Tablet,1845.05
2023-08-13,South,Laptop,2131.01
2023-08-13,East,Phone,1798.4
2023-08-13,West,Tablet,1348.66
2023-08-14,North,Phone,1709.08
2023-08-14,South,Tablet,1551.81
2023-08-14,East,Phone,1781.22
2023-08-14,West,Phone,1513.87
2023-08-15,North,Laptop,2295.52
2023-08-15,South,Tablet,1323.85
2023-08-15,East,Laptop,2018.06
2023-08-15,West,Tablet,1258.77
2023-08-16,North,Laptop,2150.88
2023-08-16,South,Tablet,1345.36
2023-08-16,East,Tablet,1238.58
2023-08-16,West,Laptop,1799.26
2023-08-17,North,Phone,2009.85
2023-08-17,South,Tablet,1164.26
2023-08-17,East,Laptop,2251.79
2023-08-17,West,Phone,1448.16
2023-08-18,North,Laptop,2343.72
2023-08-18,South,Laptop,1840.4
2023-08-18,East,Laptop,2148.78
2023-08-18,West,Laptop,1774.99
2023-08-19,North,Tablet,1590.24
2023-08-19,South,Phone,1767.9
2023-08-19,East,Laptop,2318.93
2023-08-19,West,Laptop,2095.26
2023-08-20,North,Tablet,1864.35
2023-08-20,South,Laptop,2231.13
2023-08-20,East,Tablet,1670.2
2023-08-20,West,Tablet,1407.7
2023-08-21,North,Laptop,2097.93
2023-08-21,South,Tablet,1204.26
2023-08-21,East,Tablet,1338.5
2023-08-21,West,Laptop,1533.21
2023-08-22,North,Phone,1780.31
2023-08-22,South,Laptop,1928.29
2023-08-22,East,Tablet,1397.46
2023-08-22,West,Laptop,1906.43
2023-08-23,North,Phone,1770.79
2023-08-23,South,Laptop,1817.93
2023-08-23,East,Laptop,2095.93
2023-08-23,West,Tablet,1286.15
2023-08-24,North,Phone,1782.85
2023-08-24,South,Tablet,1294.42
2023-08-24,East,Phone,1918.34
2023-08-24,West,Tablet,1469.89
2023-08-25,North,Phone,1845.26
2023-08-25,South,Phone,1424.12
2023-08-25,East,Tablet,1464.22
2023-08-25,West,Phone,1283.15
2023-08-26,North,Phone,2271.92
2023-08-26,South,Phone,1804.65
2023-08-26,East,Laptop,2408.12
2023-08-26,West,Laptop,2376.45
2023-08-27,North,Laptop,2774.07
2023-08-27,South,Tablet,1465.04
2023-08-27,East,Tablet,1850.63
2023-08-27,West,Laptop,1947.95
2023-08-28,North,Phone,1973.65
2023-08-28,South,Tablet,1460.23
2023-08-28,East,Tablet,1344.18
2023-08-28,West,Phone,1475.44
2023-08-29,North,Phone,1959.95
2023-08-29,South,Tablet,1252.3
2023-08-29,East,Phone,1704.57
2023-08-29,West,Laptop,1576.21
2023-08-30,North,Phone,2245.06
2023-08-30,South,Tablet,1511.31
2023-08-30,East,Tablet,1524.4
2023-08-30,West,Laptop,1671.55
2023-08-31,North,Laptop,2279.23
2023-08-31,South,Laptop,1766.36
2023-08-31,East,Laptop,2046.7
2023-08-31,West,Tablet,1291.54
2023-09-01,North,Phone,1705.97
2023-09-01,South,Laptop,2111.69
2023-09-01,East,Phone,1520.62
2023-09-01,West,Laptop,1866.69
2023-09-02,North,Laptop,2890.84
2023-09-02,South,Phone,2176.26
2023-09-02,East,Phone,2001.87
2023-09-02,West,Phone,1657.9
2023-09-03,North,Phone,2309.05
2023-09-03,South,Tablet,1672.17
2023-09-03,East,Tablet,1709.09
2023-09-03,West,Tablet,1563.3
2023-09-04,North,Laptop,2256.86
2023-09-04,South,Phone,1408.76
2023-09-04,East,Phone,1445.17
2023-09-04,West,Laptop,2018.58
2023-09-05,North,Phone,1671.15
2023-09-05,South,Laptop,2139.39
2023-09-05,East,Laptop,2127.17
2023-09-05,West,Laptop,1674.64
2023-09-06,North,Phone,1819.35
2023-09-06,South,Phone,1595.52
2023-09-06,East,Tablet,1463.37
2023-09-06,West,Phone,1416.62
2023-09-07,North,Phone,1806.28
2023-09-07,South,Tablet,1474.18
2023-09-07,East,Laptop,1951.15
2023-09-07,West,Laptop,1857.88
2023-09-08,North,Phone,1912.23
2023-09-08,South,Laptop,2145.98
2023-09-08,East,Phone,1592.48
2023-09-08,West,Phone,1120.02
2023-09-09,North,Tablet,2027.01
2023-09-09,South,Tablet,1347.68
2023-09-09,East,Tablet,1571.37
2023-09-09,West,Tablet,1658.11
2023-09-10,North,Tablet,2082.51
2023-09-10,South,Phone,1913.86
2023-09-10,East,Laptop,2341.67
2023-09-10,West,Phone,1442.06
2023-09-11,North,Tablet,1620.83
2023-09-11,South,Laptop,2065.72
2023-09-11,East,Tablet,1548.48
2023-09-11,West,Phone,1377.86
2023-09-12,North,Tablet,1854.94
2023-09-12,South,Laptop,1920.76
2023-09-12,East,Laptop,1692.88
2023-09-12,West,Laptop,1680.08
2023-09-13,North,Phone,1826.99
2023-09-13,South,Tablet,1371.28
2023-09-13,East,Phone,1714.99
2023-09-13,West,Phone,1421.89
2023-09-14,North,Laptop,2353.22
2023-09-14,South,Laptop,1785.32
2023-09-14,East,Tablet,1491.94
2023-09-14,West,Laptop,1921.94
2023-09-15,North,Phone,2032.95
2023-09-15,South,Phone,1446.1
2023-09-15,East,Phone,1874.03
2023-09-15,West,Phone,1364.11
2023-09-16,North,Laptop,2566.09
2023-09-16,South,Phone,1780.4
2023-09-16,East,Phone,1662.82
2023-09-16,West,Phone,1727.56
2023-09-17,North,Laptop,2619.68
2023-09-17,South,Tablet,1569.14
2023-09-17,East,Phone,2007.69
2023-09-17,West,Tablet,1633.48
2023-09-18,North,Tablet,1873.97
2023-09-18,South,Phone,1493.46
2023-09-18,East,Laptop,2161.25
2023-09-18,West,Laptop,1799.3
2023-09-19,North,Tablet,1574.34
2023-09-19,South,Laptop,2041.62
2023-09-19,East,Tablet,1546.06
2023-09-19,West,Laptop,1780.29
2023-09-20,North,Laptop,2189.81
2023-09-20,South,Tablet,1228.46
2023-09-20,East,Phone,1852.63
2023-09-20,West,Laptop,2199.48
2023-09-21,North,Laptop,2364.32
2023-09-21,South,Laptop,2053.97
2023-09-21,East,Tablet,1556.92
2023-09-21,West,Phone,1671.73
2023-09-22,North,Phone,1739.18
2023-09-22,South,Laptop,1511.8
2023-09-22,East,Laptop,2032.74
2023-09-22,West,Tablet,1501.5
2023-09-23,North,Laptop,2518.61
2023-09-23,South,Tablet,1702.96
2023-09-23,East,Phone,1927.57
2023-09-23,West,Tablet,1586.23
2023-09-24,North,Tablet,1635.03
2023-09-24,South,Laptop,2237.02
2023-09-24,East,Phone,2129.29
2023-09-24,West,Phone,1494.75
2023-09-25,North,Tablet,1748.46
2023-09-25,South,Phone,1512.15
2023-09-25,East,Phone,1656.23
2023-09-25,West,Phone,1165.52
2023-09-26,North,Phone,2174.29
2023-09-26,South,Phone,1852.84
2023-09-26,East,Tablet,1512.5
2023-09-26,West,Tablet,1332.19
2023-09-27,North,Phone,1779.5
2023-09-27,South,Tablet,1030.5
2023-09-27,East,Phone,1680.93
2023-09-27,West,Tablet,1068.42
2023-09-28,North,Phone,1861.37
2023-09-28,South,Laptop,1840.58
2023-09-28,East,Laptop,2278.22
2023-09-28,West,Tablet,1280.51
2023-09-29,North,Tablet,1710.18
2023-09-29,South,Phone,1677.92
2023-09-29,East,Phone,1603.47
2023-09-29,West,Tablet,1354.49
2023-09-30,North,Laptop,2605.17
2023-09-30,South,Phone,1855.01
2023-09-30,East,Laptop,2351.04
2023-09-30,West,Laptop,2083.45
2023-10-01,North,Tablet,2105.52
2023-10-01,South,Phone,1688.31
2023-10-01,East,Phone,1826.1
2023-10-01,West,Laptop,2241.36
2023-10-02,North,Tablet,1541.34
2023-10-02,South,Phone,1543.85
2023-10-02,East,Laptop,2158.48
2023-10-02,West,Tablet,1084.14
2023-10-03,North,Laptop,2221.4
2023-10-03,South,Tablet,1161.42
2023-10-03,East,Laptop,1911.19
2023-10-03,West,Phone,1248.63
2023-10-04,North,Phone,1942.9
2023-10-04,South,Laptop,1885.67
2023-10-04,East,Tablet,1541.51
2023-10-04,West,Laptop,1909.82
2023-10-05,North,Laptop,2410.51
2023-10-05,South,Phone,1464.96
2023-10-05,East,Phone,1631.44
2023-10-05,West,Phone,1354.72
2023-10-06,North,Phone,1810.24
2023-10-06,South,Phone,1796.16
2023-10-06,East,Laptop,1982.39
2023-10-06,West,Tablet,1291.3
2023-10-07,North,Laptop,2936.58
2023-10-07,South,Laptop,1999.06
2023-10-07,East,Laptop,2479.4
2023-10-07,West,Tablet,1437.37
2023-10-08,North,Tablet,1907.36
2023-10-08,South,Tablet,1451.18
2023-10-08,East,Tablet,1795.43
2023-10-08,West,Laptop,1919.02
2023-10-09,North,Tablet,1830.69
2023-10-09,South,Phone,1348.1
2023-10-09,East,Laptop,2010.73
2023-10-09,West,Laptop,1618.13
2023-10-10,North,Tablet,1624.53
2023-10-10,South,Phone,1766.6
2023-10-10,East,Laptop,2208.54
2023-10-10,West,Laptop,1900.12
2023-10-11,North,Tablet,1761.47
2023-10-11,South,Tablet,1313.81
2023-10-11,East,Tablet,1355.05
2023-10-11,West,Phone,1422.52
2023-10-12,North,Phone,1814.16
2023-10-12,South,Phone,1351.85
2023-10-12,East,Tablet,1696.14
2023-10-12,West,Tablet,1143.41
2023-10-13,North,Laptop,2266.72
2023-10-13,South,Laptop,2013.25
2023-10-13,East,Tablet,1626.51
2023-10-13,West,Laptop,1874.28
2023-10-14,North,Tablet,2105.48
2023-10-14,South,Tablet,1861.03
2023-10-14,East,Laptop,2513.91
2023-10-14,West,Phone,1552.03
2023-10-15,North,Phone,1929.97
2023-10-15,South,Phone,1861.75
2023-10-15,East,Tablet,1823.34
2023-10-15,West,Tablet,1609.16
2023-10-16,North,Phone,2042.55
2023-10-16,South,Laptop,2206.59
2023-10-16,East,Tablet,1583.87
2023-10-16,West,Phone,1737.93
2023-10-17,North,Laptop,2216.28
2023-10-17,South,Tablet,1096.18
2023-10-17,East,Phone,1710.51
2023-10-17,West,Laptop,1974.28
2023-10-18,North,Laptop,2160.9
2023-10-18,South,Laptop,1985.76
2023-10-18,East,Laptop,2139.77
2023-10-18,West,Laptop,1896.29
2023-10-19,North,Phone,1928.44
2023-10-19,South,Laptop,2100.16
2023-10-19,East,Tablet,1228.5
2023-10-19,West,Phone,1296.81
2023-10-20,North,Tablet,1641.71
2023-10-20,South,Laptop,1817.28
2023-10-20,East,Phone,1941.84
2023-10-20,West,Laptop,1997.24
2023-10-21,North,Laptop,2855.23
2023-10-21,South,Phone,1948.86
2023-10-21,East,Laptop,2383.86
2023-10-21,West,Laptop,1807.5
2023-10-22,North,Laptop,2551.46
2023-10-22,South,Phone,1550.19
2023-10-22,East,Laptop,2535.98
2023-10-22,West,Tablet,1410.91
2023-10-23,North,Phone,1689.05
2023-10-23,South,Tablet,1337.53
2023-10-23,East,Laptop,2472.67
2023-10-23,West,Laptop,1694.55
2023-10-24,North,Phone,1944.69
2023-10-24,South,Laptop,1993.31
2023-10-24,East,Phone,1342.35
2023-10-24,West,Phone,1183.83
2023-10-25,North,Phone,1956.6
2023-10-25,South,Laptop,1922.93
2023-10-25,East,Laptop,2227.46
2023-10-25,West,Laptop,1713.71
2023-10-26,North,Tablet,1729.31
2023-10-26,South,Tablet,1498.87
2023-10-26,East,Laptop,2055.97
2023-10-26,West,Tablet,1216.97
2023-10-27,North,Laptop,2522.09
2023-10-27,South,Laptop,1843.6
2023-10-27,East,Laptop,2226.22
2023-10-27,West,Laptop,1625.18
2023-10-28,North,Laptop,2748.18
2023-10-28,South,Phone,1845.45
2023-10-28,East,Tablet,1846.61
2023-10-28,West,Laptop,2150.28
2023-10-29,North,Tablet,1898.45
2023-10-29,South,Phone,1868.87
2023-10-29,East,Laptop,2092.23
2023-10-29,West,Tablet,1272.13
2023-10-30,North,Tablet,1928.21
2023-10-30,South,Laptop,1876.36
2023-10-30,East,Phone,1870.17
2023-10-30,West,Phone,1278.14
2023-10-31,North,Tablet,1899.53
2023-10-31,South,Tablet,1549.05
2023-10-31,East,Tablet,1508.34
2023-10-31,West,Tablet,1582.02
2023-11-01,North,Phone,2347.74
2023-11-01,South,Laptop,2178.77
2023-11-01,East,Phone,2232.31
2023-11-01,West,Phone,1697.53
2023-11-02,North,Phone,2275.02
2023-11-02,South,Tablet,1588.78
2023-11-02,East,Tablet,2201.72
2023-11-02,West,Phone,1607.15
2023-11-03,North,Laptop,2783.98
2023-11-03,South,Tablet,1465.85
2023-11-03,East,Laptop,2648.32
2023-11-03,West,Laptop,2353.1
2023-11-04,North,Phone,2577.6
2023-11-04,South,Laptop,2853.54
2023-11-04,East,Tablet,2237.7
2023-11-04,West,Phone,1951.72
2023-11-05,North,Phone,2482.65
2023-11-05,South,Tablet,1539.58
2023-11-05,East,Laptop,2625.1
2023-11-05,West,Phone,1828.02
2023-11-06,North,Tablet,2277.85
2023-11-06,South,Laptop,2456.94
2023-11-06,East,Tablet,1609.97
2023-11-06,West,Tablet,1446.64
2023-11-07,North,Laptop,2713.79
2023-11-07,South,Tablet,1736.95
2023-11-07,East,Laptop,2167.57
2023-11-07,West,Tablet,1490.17
2023-11-08,North,Tablet,2231.05
2023-11-08,South,Tablet,1545.26
2023-11-08,East,Laptop,2703.32
2023-11-08,West,Phone,1696.68
2023-11-09,North,Laptop,2764.19
2023-11-09,South,Laptop,2402.73
2023-11-09,East,Phone,1875.28
2023-11-09,West,Phone,1625.73
2023-11-10,North,Phone,2241.18
2023-11-10,South,Phone,2099.8
2023-11-10,East,Phone,2025.98
2023-11-10,West,Tablet,1474.35
2023-11-11,North,Phone,2797.97
2023-11-11,South,Laptop,2746.45
2023-11-11,East,Laptop,2667.05
2023-11-11,West,Phone,1709.06
2023-11-12,North,Laptop,3201.5
2023-11-12,South,Phone,1961.96
2023-11-12,East,Laptop,2993.71
2023-11-12,West,Tablet,1731.13
2023-11-13,North,Tablet,1880.49
2023-11-13,South,Tablet,1488.99
2023-11-13,East,Phone,2014.78
2023-11-13,West,Laptop,2089.19
2023-11-14,North,Tablet,1743.11
2023-11-14,South,Tablet,1732.19
2023-11-14,East,Laptop,2831.11
2023-11-14,West,Tablet,1302.09
2023-11-15,North,Tablet,2146.55
2023-11-15,South,Phone,1988.27
2023-11-15,East,Phone,2334.1
2023-11-15,West,Laptop,2329.1
2023-11-16,North,Tablet,1970.2
2023-11-16,South,Laptop,2324.11
2023-11-16,East,Laptop,2291.32
2023-11-16,West,Tablet,1476.14
2023-11-17,North,Laptop,2506.72
2023-11-17,South,Tablet,1791.32
2023-11-17,East,Phone,2086.21
2023-11-17,West,Laptop,2101.25
2023-11-18,North,Laptop,3119.75
2023-11-18,South,Phone,2434.18
2023-11-18,East,Phone,2327.31
2023-11-18,West,Phone,1756.11
2023-11-19,North,Tablet,2333.46
2023-11-19,South,Tablet,1574.33
2023-11-19,East,Laptop,2625.77
2023-11-19,West,Tablet,1946.46
2023-11-20,North,Tablet,2006.73
2023-11-20,South,Laptop,2441.16
2023-11-20,East,Tablet,1784.01
2023-11-20,West,Tablet,1583.27
2023-11-21,North,Tablet,2102.2
2023-11-21,South,Laptop,2563.79
2023-11-21,East,Tablet,1770.4
2023-11-21,West,Laptop,2137.31
2023-11-22,North,Laptop,2552.3
2023-11-22,South,Tablet,1764.46
2023-11-22,East,Tablet,1779.71
2023-11-22,West,Laptop,2310.53
2023-11-23,North,Tablet,2138.39
2023-11-23,South,Phone,1889.21
2023-11-23,East,Phone,2208.62
2023-11-23,West,Phone,1822.13
2023-11-24,North,Phone,2218.51
2023-11-24,South,Phone,1747.94
2023-11-24,East,Laptop,2385.85
2023-11-24,West,Laptop,2057.41
2023-11-25,North,Phone,2764.97
2023-11-25,South,Tablet,1939.96
2023-11-25,East,Phone,2423.26
2023-11-25,West,Laptop,2591.35
2023-11-26,North,Laptop,3294.06
2023-11-26,South,Laptop,2804.14
2023-11-26,East,Tablet,2122.38
2023-11-26,West,Tablet,1756.66
2023-11-27,North,Tablet,1916.96
2023-11-27,South,Phone,1856.4
2023-11-27,East,Tablet,1771.34
2023-11-27,West,Tablet,1357.73
2023-11-28,North,Phone,1995.96
2023-11-28,South,Laptop,2371.99
2023-11-28,East,Tablet,1728.98
2023-11-28,West,Phone,1774.25
2023-11-29,North,Phone,2255.8
2023-11-29,South,Tablet,1513.56
2023-11-29,East,Tablet,1684.63
2023-11-29,West,Tablet,1299.01
2023-11-30,North,Phone,2209.61
2023-11-30,South,Phone,1755.34
2023-11-30,East,Laptop,2692.54
2023-11-30,West,Laptop,2201.98
2023-12-01,North,Laptop,3159.03
2023-12-01,South,Laptop,2522.57
2023-12-01,East,Phone,2469.71
2023-12-01,West,Phone,1832.59
2023-12-02,North,Phone,3329.08
2023-12-02,South,Phone,2681.34
2023-12-02,East,Phone,2502.26
2023-12-02,West,Laptop,2865.42
2023-12-03,North,Tablet,2896.03
2023-12-03,South,Laptop,3553.45
2023-12-03,East,Tablet,2304.18
2023-12-03,West,Tablet,2065.49
2023-12-04,North,Tablet,2275.79
2023-12-04,South,Phone,2108.61
2023-12-04,East,Tablet,2006.07
2023-12-04,West,Phone,1962.31
2023-12-05,North,Phone,2688.46
2023-12-05,South,Laptop,2865.24
2023-12-05,East,Phone,2503.76
2023-12-05,West,Laptop,2389.93
2023-12-06,North,Tablet,2354.58
2023-12-06,South,Laptop,2752.44
2023-12-06,East,Tablet,2131.15
2023-12-06,West,Phone,2118.99
2023-12-07,North,Tablet,2363.15
2023-12-07,South,Phone,2266.19
2023-12-07,East,Tablet,2139.8
2023-12-07,West,Phone,1872.59
2023-12-08,North,Laptop,3455.32
2023-12-08,South,Tablet,1690.79
2023-12-08,East,Phone,2317.83
2023-12-08,West,Tablet,1588.71
2023-12-09,North,Laptop,3616.01
2023-12-09,South,Tablet,2048.96
2023-12-09,East,Laptop,3440.66
2023-12-09,West,Laptop,2921.66
2023-12-10,North,Laptop,4039.17
2023-12-10,South,Laptop,3077.96
2023-12-10,East,Phone,2736.47
2023-12-10,West,Tablet,1786.5
2023-12-11,North,Laptop,3070.57
2023-12-11,South,Phone,2160.77
2023-12-11,East,Tablet,2023.78
2023-12-11,West,Laptop,2497.83
2023-12-12,North,Laptop,3405.27
2023-12-12,South,Tablet,1841.99
2023-12-12,East,Phone,2473.33
2023-12-12,West,Tablet,1509.18
2023-12-13,North,Phone,2619.05
2023-12-13,South,Laptop,2784.77
2023-12-13,East,Tablet,1866.94
2023-12-13,West,Tablet,1802.68
2023-12-14,North,Phone,2680.74
2023-12-14,South,Phone,2119.01
2023-12-14,East,Phone,2258.77
2023-12-14,West,Tablet,1703.15
2023-12-15,North,Tablet,2530.31
2023-12-15,South,Phone,2247.58
2023-12-15,East,Phone,2241.13
2023-12-15,West,Phone,1975.2
2023-12-16,North,Phone,3102.76
2023-12-16,South,Phone,2468.02
2023-12-16,East,Phone,2763.47
2023-12-16,West,Tablet,1944.35
2023-12-17,North,Laptop,3574.14
2023-12-17,South,Phone,2674.8
2023-12-17,East,Laptop,3461.71
2023-12-17,West,Phone,2247.75
2023-12-18,North,Phone,2619.65
2023-12-18,South,Tablet,2124.78
2023-12-18,East,Laptop,3005.77
2023-12-18,West,Tablet,1682.94
2023-12-19,North,Phone,2624.35
2023-12-19,South,Phone,2198.84
2023-12-19,East,Tablet,2115.28
2023-12-19,West,Laptop,2752.35
2023-12-20,North,Phone,2925.66
2023-12-20,South,Laptop,3005.64
2023-12-20,East,Laptop,3040.53
2023-12-20,West,Laptop,2621.54
2023-12-21,North,Phone,2706.81
2023-12-21,South,Phone,2192.49
2023-12-21,East,Laptop,2913.62
2023-12-21,West,Phone,2209.22
2023-12-22,North,Phone,2978.97
2023-12-22,South,Tablet,1954.95
2023-12-22,East,Tablet,2320.55
2023-12-22,West,Laptop,2568.81
2023-12-23,North,Tablet,2852.25
2023-12-23,South,Laptop,3356.68
2023-12-23,East,Phone,2667.94
2023-12-23,West,Tablet,2061.71
2023-12-24,North,Tablet,2740.21
2023-12-24,South,Tablet,2230.16
2023-12-24,East,Tablet,2239.5
2023-12-24,West,Laptop,3025.28
2023-12-25,North,Tablet,2344.9
2023-12-25,South,Laptop,2799.95
2023-12-25,East,Tablet,2124.85
2023-12-25,West,Phone,1902.54
2023-12-26,North,Laptop,3219.28
2023-12-26,South,Laptop,2845.95
2023-12-26,East,Tablet,2084.89
2023-12-26,West,Phone,1878.42
2023-12-27,North,Tablet,2275.16
2023-12-27,South,Phone,2357.83
2023-12-27,East,Laptop,2956.15
2023-12-27,West,Phone,2021.77
2023-12-28,North,Phone,2702.26
2023-12-28,South,Phone,2405.25
2023-12-28,East,Laptop,3283.34
2023-12-28,West,Phone,1726.49
2023-12-29,North,Laptop,3363.05
2023-12-29,South,Laptop,2723.29
2023-12-29,East,Laptop,2875.61
2023-12-29,West,Phone,2048.28
2023-12-30,North,Laptop,3710.19
2023-12-30,South,Tablet,2223.28
2023-12-30,East,Laptop,3684.65
2023-12-30,West,Tablet,1727.52
2023-12-31,North,Phone,3083.41
2023-12-31,South,Tablet,2179.71
2023-12-31,East,Laptop,3385.0
2023-12-31,West,Phone,2339.81
2024-01-01,North,Phone,1803.78
2024-01-01,South,Phone,1623.18
2024-01-01,East,Tablet,1463.86
2024-01-01,West,Laptop,1568.15
2024-01-02,North,Tablet,1745.9
2024-01-02,South,Laptop,2108.2
2024-01-02,East,Phone,1617.63
2024-01-02,West,Phone,1590.45
2024-01-03,North,Tablet,1512.44
2024-01-03,South,Phone,1640.68
2024-01-03,East,Tablet,1429.49
2024-01-03,West,Laptop,1839.88
2024-01-04,North,Tablet,1697.04
2024-01-04,South,Laptop,1877.01
2024-01-04,East,Laptop,2046.25
2024-01-04,West,Tablet,1102.87
2024-01-05,North,Tablet,1698.92
2024-01-05,South,Laptop,2042.25
2024-01-05,East,Laptop,2438.51
2024-01-05,West,Laptop,1753.89
2024-01-06,North,Phone,1905.02
2024-01-06,South,Phone,1933.63
2024-01-06,East,Laptop,2475.97
2024-01-06,West,Tablet,1143.06
2024-01-07,North,Phone,2003.32
2024-01-07,South,Phone,1892.11
2024-01-07,East,Phone,1726.06
2024-01-07,West,Laptop,2074.89
2024-01-08,North,Laptop,2238.94
2024-01-08,South,Laptop,2052.95
2024-01-08,East,Laptop,2173.77
2024-01-08,West,Laptop,2055.31
2024-01-09,North,Tablet,1838.94
2024-01-09,South,Laptop,1878.96
2024-01-09,East,Tablet,1471.63
2024-01-09,West,Tablet,1338.25
2024-01-10,North,Phone,1916.88
2024-01-10,South,Laptop,2097.47
2024-01-10,East,Laptop,1971.0
2024-01-10,West,Tablet,1045.5
2024-01-11,North,Phone,1509.37
2024-01-11,South,Tablet,1379.84
2024-01-11,East,Tablet,1685.37
2024-01-11,West,Phone,1239.34
2024-01-12,North,Tablet,1261.26
2024-01-12,South,Laptop,2137.17
2024-01-12,East,Tablet,1474.92
2024-01-12,West,Laptop,1899.92
2024-01-13,North,Phone,2548.36
2024-01-13,South,Phone,1911.17
2024-01-13,East,Phone,1845.27
2024-01-13,West,Laptop,1916.52
2024-01-14,North,Tablet,1865.93
2024-01-14,South,Tablet,1407.64
2024-01-14,East,Tablet,1562.43
2024-01-14,West,Laptop,2342.0
2024-01-15,North,Tablet,1828.06
2024-01-15,South,Laptop,1985.45
2024-01-15,East,Laptop,1971.91
2024-01-15,West,Laptop,1661.47
2024-01-16,North,Phone,1693.49
2024-01-16,South,Phone,1480.37
2024-01-16,East,Laptop,1924.25
2024-01-16,West,Tablet,1221.3
2024-01-17,North,Tablet,1970.32
2024-01-17,South,Tablet,1407.47
2024-01-17,East,Phone,1762.76
2024-01-17,West,Tablet,1410.24
2024-01-18,North,Phone,1563.9
2024-01-18,South,Tablet,1305.93
2024-01-18,East,Laptop,2125.8
2024-01-18,West,Laptop,1641.1
2024-01-19,North,Laptop,2172.89
2024-01-19,South,Laptop,2030.82
2024-01-19,East,Laptop,1919.14
2024-01-19,West,Tablet,1172.85
2024-01-20,North,Tablet,2077.41
2024-01-20,South,Tablet,1541.37
2024-01-20,East,Phone,2054.89
2024-01-20,West,Laptop,2133.24
2024-01-21,North,Phone,2104.61
2024-01-21,South,Laptop,2323.5
2024-01-21,East,Phone,2020.93
2024-01-21,West,Tablet,1496.84
2024-01-22,North,Laptop,2299.16
2024-01-22,South,Tablet,1450.31
2024-01-22,East,Phone,1768.13
2024-01-22,West,Phone,1319.79
2024-01-23,North,Laptop,2290.96
2024-01-23,South,Tablet,1418.22
2024-01-23,East,Laptop,2128.98
2024-01-23,West,Laptop,1997.95
2024-01-24,North,Tablet,1433.25
2024-01-24,South,Phone,1451.76
2024-01-24,East,Laptop,2128.07
2024-01-24,West,Tablet,1234.49
2024-01-25,North,Tablet,1845.12
2024-01-25,South,Laptop,1865.86
2024-01-25,East,Laptop,2069.23
2024-01-25,West,Tablet,1129.44
2024-01-26,North,Tablet,1498.18
2024-01-26,South,Laptop,2052.31
2024-01-26,East,Laptop,2091.81
2024-01-26,West,Laptop,1764.02
2024-01-27,North,Tablet,2056.45
2024-01-27,South,Laptop,2221.9
2024-01-27,East,Laptop,2454.7
2024-01-27,West,Tablet,1522.22
2024-01-28,North,Laptop,2564.63
2024-01-28,South,Tablet,1296.4
2024-01-28,East,Phone,1890.16
2024-01-28,West,Tablet,1355.5
2024-01-29,North,Tablet,1724.0
2024-01-29,South,Phone,1625.27
2024-01-29,East,Tablet,1322.18
2024-01-29,West,Tablet,1278.15
2024-01-30,North,Phone,1963.67
2024-01-30,South,Laptop,1924.79
2024-01-30,East,Laptop,2095.91
2024-01-30,West,Phone,1359.91
2024-01-31,North,Laptop,2316.96
2024-01-31,South,Phone,1409.1
2024-01-31,East,Laptop,2233.53
2024-01-31,West,Laptop,1955.29
2024-02-01,North,Laptop,2133.76
2024-02-01,South,Tablet,1100.81
2024-02-01,East,Tablet,1487.48
2024-02-01,West,Phone,1182.55
2024-02-02,North,Phone,1777.39
2024-02-02,South,Tablet,1415.35
2024-02-02,East,Tablet,1482.51
2024-02-02,West,Tablet,1091.54
2024-02-03,North,Tablet,1760.06
2024-02-03,South,Phone,1906.96
2024-02-03,East,Phone,2133.49
2024-02-03,West,Phone,1762.05
2024-02-04,North,Laptop,2397.83
2024-02-04,South,Phone,1807.92
2024-02-04,East,Laptop,2738.3
2024-02-04,West,Tablet,1233.37
2024-02-05,North,Phone,1989.66
2024-02-05,South,Phone,1745.0
2024-02-05,East,Laptop,2121.31
2024-02-05,West,Laptop,1724.87
2024-02-06,North,Tablet,1650.93
2024-02-06,South,Laptop,1706.47
2024-02-06,East,Phone,1868.65
2024-02-06,West,Phone,1349.89
2024-02-07,North,Phone,1896.47
2024-02-07,South,Tablet,1323.85
2024-02-07,East,Tablet,1539.13
2024-02-07,West,Tablet,1244.57
2024-02-08,North,Laptop,2339.58
2024-02-08,South,Laptop,1721.34
2024-02-08,East,Phone,1556.34
2024-02-08,West,Tablet,1297.49
2024-02-09,North,Laptop,2154.03
2024-02-09,South,Phone,1268.38
2024-02-09,East,Phone,1939.34
2024-02-09,West,Phone,1645.13
2024-02-10,North,Tablet,2016.18
2024-02-10,South,Tablet,1620.38
2024-02-10,East,Tablet,1862.51
2024-02-10,West,Tablet,1276.09
2024-02-11,North,Phone,1933.46
2024-02-11,South,Tablet,1566.38
2024-02-11,East,Phone,2101.64
2024-02-11,West,Laptop,1957.07
2024-02-12,North,Laptop,2389.65
2024-02-12,South,Tablet,1262.13
2024-02-12,East,Laptop,2036.94
2024-02-12,West,Phone,1604.39
2024-02-13,North,Tablet,1858.2
2024-02-13,South,Phone,1615.41
2024-02-13,East,Tablet,1417.57
2024-02-13,West,Tablet,1328.94
2024-02-14,North,Phone,1796.44
2024-02-14,South,Phone,1550.61
2024-02-14,East,Tablet,1646.84
2024-02-14,West,Phone,1249.02
2024-02-15,North,Phone,2010.59
2024-02-15,South,Laptop,1926.21
2024-02-15,East,Laptop,2218.56
2024-02-15,West,Laptop,1851.01
2024-02-16,North,Tablet,1595.85
2024-02-16,South,Laptop,1999.5
2024-02-16,East,Laptop,1937.23
2024-02-16,West,Phone,1276.19
2024-02-17,North,Tablet,2083.62
2024-02-17,South,Phone,1652.51
2024-02-17,East,Laptop,2341.09
2024-02-17,West,Tablet,1465.41
2024-02-18,North,Laptop,2473.17
2024-02-18,South,Phone,1577.99
2024-02-18,East,Phone,1920.53
2024-02-18,West,Tablet,1252.29
2024-02-19,North,Laptop,2089.9
2024-02-19,South,Phone,1552.15
2024-02-19,East,Laptop,2238.27
2024-02-19,West,Tablet,1272.4
2024-02-20,North,Tablet,1668.08
2024-02-20,South,Laptop,1944.39
2024-02-20,East,Laptop,1751.76
2024-02-20,West,Phone,1240.15
2024-02-21,North,Tablet,1285.84
2024-02-21,South,Tablet,1287.49
2024-02-21,East,Laptop,2246.37
2024-02-21,West,Phone,1537.77
2024-02-22,North,Phone,1857.85
2024-02-22,South,Phone,1613.74
2024-02-22,East,Tablet,1467.45
2024-02-22,West,Laptop,1753.73
2024-02-23,North,Phone,1687.36
2024-02-23,South,Tablet,1439.98
2024-02-23,East,Tablet,1293.36
2024-02-23,West,Tablet,1115.28
2024-02-24,North,Phone,2201.88
2024-02-24,South,Laptop,2309.26
2024-02-24,East,Laptop,2177.1
2024-02-24,West,Tablet,1098.01
2024-02-25,North,Tablet,2117.89
2024-02-25,South,Laptop,2400.78
2024-02-25,East,Laptop,2019.64
2024-02-25,West,Phone,1610.51
2024-02-26,North,Laptop,2382.33
2024-02-26,South,Laptop,2282.88
2024-02-26,East,Laptop,2213.65
2024-02-26,West,Tablet,1198.87
2024-02-27,North,Phone,1747.4
2024-02-27,South,Phone,1554.86
2024-02-27,East,Laptop,2263.87
2024-02-27,West,Tablet,1307.39
2024-02-28,North,Laptop,2380.6
2024-02-28,South,Tablet,1550.15
2024-02-28,East,Laptop,1964.01
2024-02-28,West,Laptop,2056.41
2024-02-29,North,Laptop,2408.9
2024-02-29,South,Laptop,1808.9
2024-02-29,East,Phone,1742.1
2024-02-29,West,Laptop,2063.79
2024-03-01,North,Laptop,2354.22
2024-03-01,South,Tablet,1400.75
2024-03-01,East,Tablet,1539.94
2024-03-01,West,Laptop,1528.69
2024-03-02,North,Tablet,1900.74
2024-03-02,South,Tablet,1734.8
2024-03-02,East,Tablet,1719.48
2024-03-02,West,Laptop,2040.23
2024-03-03,North,Phone,2178.58
2024-03-03,South,Phone,1791.2
2024-03-03,East,Phone,2082.26
2024-03-03,West,Tablet,1042.97
2024-03-04,North,Laptop,2294.51
2024-03-04,South,Laptop,2003.4
2024-03-04,East,Laptop,1987.38
2024-03-04,West,Phone,1385.96
2024-03-05,North,Tablet,1567.24
2024-03-05,South,Tablet,1568.56
2024-03-05,East,Phone,1787.21
2024-03-05,West,Phone,1369.51
2024-03-06,North,Tablet,1747.36
2024-03-06,South,Laptop,1995.84
2024-03-06,East,Tablet,1589.82
2024-03-06,West,Tablet,1300.25
2024-03-07,North,Laptop,2050.93
2024-03-07,South,Phone,1822.95
2024-03-07,East,Laptop,1775.18
2024-03-07,West,Phone,1445.7
2024-03-08,North,Laptop,2179.85
2024-03-08,South,Laptop,2175.96
2024-03-08,East,Tablet,1544.49
2024-03-08,West,Laptop,1869.48
2024-03-09,North,Tablet,1765.75
2024-03-09,South,Phone,2080.97
2024-03-09,East,Phone,2234.69
2024-03-09,West,Phone,1776.49
2024-03-10,North,Phone,2431.08
2024-03-10,South,Tablet,1454.16
2024-03-10,East,Laptop,2301.29
2024-03-10,West,Phone,1506.89
2024-03-11,North,Phone,1902.34
2024-03-11,South,Tablet,1485.34
2024-03-11,East,Laptop,1943.96
2024-03-11,West,Tablet,1236.06
2024-03-12,North,Phone,1984.85
2024-03-12,South,Laptop,1940.89
2024-03-12,East,Phone,1536.21
2024-03-12,West,Phone,1533.54
2024-03-13,North,Tablet,1486.7
2024-03-13,South,Laptop,2115.76
2024-03-13,East,Laptop,1948.0
2024-03-13,West,Tablet,1305.18
2024-03-14,North,Phone,1876.52
2024-03-14,South,Tablet,1546.25
2024-03-14,East,Phone,1799.84
2024-03-14,West,Laptop,1904.6
2024-03-15,North,Laptop,2045.01
2024-03-15,South,Laptop,1911.09
2024-03-15,East,Laptop,2247.01
2024-03-15,West,Phone,1453.38
2024-03-16,North,Laptop,2745.61
2024-03-16,South,Laptop,2198.66
2024-03-16,East,Phone,1990.09
2024-03-16,West,Laptop,2012.6
2024-03-17,North,Phone,2552.42
2024-03-17,South,Laptop,2066.05
2024-03-17,East,Laptop,2597.22
2024-03-17,West,Tablet,1290.36
2024-03-18,North,Phone,2062.27
2024-03-18,South,Tablet,1153.17
2024-03-18,East,Phone,1900.24
2024-03-18,West,Tablet,1294.46
2024-03-19,North,Tablet,1669.31
2024-03-19,South,Tablet,1350.72
2024-03-19,East,Laptop,2137.4
2024-03-19,West,Laptop,1956.76
2024-03-20,North,Laptop,2501.91
2024-03-20,South,Phone,1669.86
2024-03-20,East,Phone,1735.06
2024-03-20,West,Tablet,1039.2
2024-03-21,North,Tablet,1755.15
2024-03-21,South,Tablet,1035.0
2024-03-21,East,Laptop,2267.77
2024-03-21,West,Phone,1482.4
2024-03-22,North,Laptop,2398.17
2024-03-22,South,Laptop,1950.88
2024-03-22,East,Phone,1840.73
2024-03-22,West,Tablet,1146.76
2024-03-23,North,Tablet,1955.21
2024-03-23,South,Laptop,2050.98
2024-03-23,East,Tablet,1876.72
2024-03-23,West,Phone,1811.22
2024-03-24,North,Phone,2245.62
2024-03-24,South,Laptop,2089.2
2024-03-24,East,Tablet,1526.88
2024-03-24,West,Phone,1945.44
2024-03-25,North,Phone,1925.36
2024-03-25,South,Laptop,1889.89
2024-03-25,East,Tablet,1473.13
2024-03-25,West,Phone,1209.8
2024-03-26,North,Phone,1936.49
2024-03-26,South,Phone,1657.65
2024-03-26,East,Phone,1732.19
2024-03-26,West,Laptop,1945.35
2024-03-27,North,Phone,1802.9
2024-03-27,South,Tablet,1382.85
2024-03-27,East,Tablet,1378.88
2024-03-27,West,Tablet,1177.65
2024-03-28,North,Phone,1730.41
2024-03-28,South,Laptop,2043.41
2024-03-28,East,Tablet,1475.03
2024-03-28,West,Laptop,1831.78
2024-03-29,North,Tablet,1834.3
2024-03-29,South,Tablet,1255.26
2024-03-29,East,Tablet,1543.3
2024-03-29,West,Tablet,1211.22
2024-03-30,North,Tablet,1888.38
2024-03-30,South,Tablet,1601.91
2024-03-30,East,Laptop,2384.12
2024-03-30,West,Phone,1498.01
2024-03-31,North,Tablet,1856.06
2024-03-31,South,Phone,1676.77
2024-03-31,East,Phone,2139.8
2024-03-31,West,Laptop,1689.39
2024-04-01,North,Phone,1981.49
2024-04-01,South,Laptop,1767.31
2024-04-01,East,Phone,1487.75
2024-04-01,West,Laptop,1605.02
2024-04-02,North,Laptop,2427.66
2024-04-02,South,Phone,1775.09
2024-04-02,East,Laptop,2326.8
2024-04-02,West,Phone,1382.62
2024-04-03,North,Tablet,1675.89
2024-04-03,South,Tablet,1505.38
2024-04-03,East,Tablet,1731.86
2024-04-03,West,Laptop,1687.63
2024-04-04,North,Phone,2160.83
2024-04-04,South,Phone,1501.81
2024-04-04,East,Tablet,1526.09
2024-04-04,West,Laptop,1644.14
2024-04-05,North,Phone,1892.67
2024-04-05,South,Laptop,1739.22
2024-04-05,East,Tablet,1776.4
2024-04-05,West,Tablet,1288.04
2024-04-06,North,Laptop,2604.03
2024-04-06,South,Tablet,1710.66
2024-04-06,East,Tablet,1959.43
2024-04-06,West,Phone,1568.9
2024-04-07,North,Laptop,2904.37
2024-04-07,South,Phone,1793.64
2024-04-07,East,Phone,1770.01
2024-04-07,West,Tablet,1479.11
2024-04-08,North,Laptop,2168.26
2024-04-08,South,Tablet,1494.29
2024-04-08,East,Phone,1667.49
2024-04-08,West,Tablet,1234.46
2024-04-09,North,Tablet,1766.3
2024-04-09,South,Phone,1485.44
2024-04-09,East,Laptop,2334.14
2024-04-09,West,Phone,1705.25
2024-04-10,North,Laptop,2196.05
2024-04-10,South,Phone,1670.11
2024-04-10,East,Tablet,1454.28
2024-04-10,West,Tablet,1310.84
2024-04-11,North,Tablet,1422.15
2024-04-11,South,Laptop,2075.32
2024-04-11,East,Tablet,1397.64
2024-04-11,West,Phone,1298.48
2024-04-12,North,Tablet,1924.09
2024-04-12,South,Laptop,2029.19
2024-04-12,East,Tablet,1412.88
2024-04-12,West,Laptop,1819.57
2024-04-13,North,Laptop,2623.73
2024-04-13,South,Tablet,1374.92
2024-04-13,East,Laptop,2410.34
2024-04-13,West,Phone,1473.55
2024-04-14,North,Tablet,1856.57
2024-04-14,South,Tablet,1442.57
2024-04-14,East,Laptop,2079.27
2024-04-14,West,Laptop,1751.89
2024-04-15,North,Laptop,2293.29
2024-04-15,South,Phone,1367.91
2024-04-15,East,Tablet,1421.06
2024-04-15,West,Phone,1608.25
2024-04-16,North,Phone,1810.1
2024-04-16,South,Tablet,1183.5
2024-04-16,East,Tablet,1503.19
2024-04-16,West,Tablet,1333.01
2024-04-17,North,Laptop,1987.38
2024-04-17,South,Phone,1808.7
2024-04-17,East,Tablet,1267.03
2024-04-17,West,Tablet,1154.78
2024-04-18,North,Laptop,2319.68
2024-04-18,South,Tablet,1362.96
2024-04-18,East,Phone,1832.16
2024-04-18,West,Phone,1633.4
2024-04-19,North,Phone,1914.87
2024-04-19,South,Tablet,1253.47
2024-04-19,East,Laptop,2141.79
2024-04-19,West,Laptop,1585.9
2024-04-20,North,Laptop,2429.83
2024-04-20,South,Laptop,2083.9
2024-04-20,East,Tablet,1955.08
2024-04-20,West,Tablet,1400.68
2024-04-21,North,Tablet,1925.8
2024-04-21,South,Tablet,1542.87
2024-04-21,East,Phone,2030.81
2024-04-21,West,Tablet,1409.38
2024-04-22,North,Laptop,2135.68
2024-04-22,South,Phone,1631.91
2024-04-22,East,Phone,1566.61
2024-04-22,West,Tablet,1343.3
2024-04-23,North,Phone,2191.4
2024-04-23,South,Laptop,1877.39
2024-04-23,East,Laptop,1977.97
2024-04-23,West,Tablet,909.66
2024-04-24,North,Phone,1794.24
2024-04-24,South,Tablet,1284.41
2024-04-24,East,Laptop,2149.31
2024-04-24,West,Phone,1404.17
2024-04-25,North,Phone,1948.61
2024-04-25,South,Tablet,1177.85
2024-04-25,East,Phone,1827.35
2024-04-25,West,Tablet,1184.21
2024-04-26,North,Phone,1939.64
2024-04-26,South,Phone,1658.78
2024-04-26,East,Tablet,1357.66
2024-04-26,West,Phone,1662.1
2024-04-27,North,Tablet,1914.48
2024-04-27,South,Tablet,1641.59
2024-04-27,East,Laptop,2665.52
2024-04-27,West,Tablet,1314.63
2024-04-28,North,Phone,2337.79
2024-04-28,South,Phone,1826.17
2024-04-28,East,Laptop,2449.4
2024-04-28,West,Phone,1866.9
2024-04-29,North,Laptop,2013.16
2024-04-29,South,Tablet,1339.7
2024-04-29,East,Phone,1872.8
2024-04-29,West,Phone,1673.33
2024-04-30,North,Laptop,2238.34
2024-04-30,South,Tablet,1330.36
2024-04-30,East,Tablet,1581.52
2024-04-30,West,Tablet,1229.97
2024-05-01,North,Phone,2184.46
2024-05-01,South,Phone,1582.97
2024-05-01,East,Phone,1770.01
2024-05-01,West,Laptop,1875.96
2024-05-02,North,Phone,1730.47
2024-05-02,South,Tablet,1711.75
2024-05-02,East,Laptop,1886.31
2024-05-02,West,Tablet,1266.42
2024-05-03,North,Phone,1963.5
2024-05-03,South,Tablet,1662.11
2024-05-03,East,Phone,1801.65
2024-05-03,West,Laptop,1918.58
2024-05-04,North,Laptop,2358.83
2024-05-04,South,Tablet,1423.44
2024-05-04,East,Tablet,1744.43
2024-05-04,West,Tablet,1334.75
2024-05-05,North,Phone,2268.48
2024-05-05,South,Laptop,2042.18
2024-05-05,East,Laptop,2135.17
2024-05-05,West,Laptop,2224.3
2024-05-06,North,Tablet,1685.95
2024-05-06,South,Laptop,2148.87
2024-05-06,East,Phone,1612.46
2024-05-06,West,Phone,1555.76
2024-05-07,North,Laptop,2289.76
2024-05-07,South,Phone,1422.29
2024-05-07,East,Laptop,2032.33
2024-05-07,West,Tablet,1282.76
2024-05-08,North,Laptop,2524.14
2024-05-08,South,Laptop,2015.45
2024-05-08,East,Laptop,1969.5
2024-05-08,West,Phone,1301.06
2024-05-09,North,Laptop,2328.56
2024-05-09,South,Laptop,2017.38
2024-05-09,East,Phone,1695.98
2024-05-09,West,Phone,1322.92
2024-05-10,North,Phone,2078.16
2024-05-10,South,Laptop,2180.33
2024-05-10,East,Laptop,2048.62
2024-05-10,West,Tablet,1225.57
2024-05-11,North,Tablet,2046.53
2024-05-11,South,Tablet,1576.05
2024-05-11,East,Laptop,2231.4
2024-05-11,West,Tablet,1481.35
2024-05-12,North,Phone,2245.5
2024-05-12,South,Laptop,2306.64
2024-05-12,East,Laptop,2209.25
2024-05-12,West,Laptop,1963.58
2024-05-13,North,Tablet,1539.61
2024-05-13,South,Phone,1281.96
2024-05-13,East,Phone,1564.49
2024-05-13,West,Phone,1293.76
2024-05-14,North,Tablet,1634.26
2024-05-14,South,Laptop,1869.28
2024-05-14,East,Phone,1472.83
2024-05-14,West,Tablet,1248.24
2024-05-15,North,Tablet,1568.46
2024-05-15,South,Phone,1382.78
2024-05-15,East,Tablet,1705.56
2024-05-15,West,Tablet,1414.42
2024-05-16,North,Phone,1930.35
2024-05-16,South,Laptop,2194.78
2024-05-16,East,Laptop,2343.96
2024-05-16,West,Tablet,1124.61
2024-05-17,North,Phone,1935.1
2024-05-17,South,Phone,1512.72
2024-05-17,East,Phone,1640.49
2024-05-17,West,Laptop,1760.13
2024-05-18,North,Tablet,1528.48
2024-05-18,South,Tablet,1555.57
2024-05-18,East,Phone,1662.33
2024-05-18,West,Phone,1631.54
2024-05-19,North,Tablet,2142.64
2024-05-19,South,Tablet,1586.43
2024-05-19,East,Laptop,2255.17
2024-05-19,West,Laptop,2248.98
2024-05-20,North,Laptop,2367.74
2024-05-20,South,Phone,1495.17
2024-05-20,East,Tablet,1480.57
2024-05-20,West,Tablet,1286.98
2024-05-21,North,Tablet,1922.78
2024-05-21,South,Laptop,1913.75
2024-05-21,East,Tablet,1149.34
2024-05-21,West,Tablet,994.99
2024-05-22,North,Laptop,2270.52
2024-05-22,South,Tablet,1492.38
2024-05-22,East,Phone,1631.87
2024-05-22,West,Tablet,1250.94
2024-05-23,North,Laptop,2398.12
2024-05-23,South,Phone,1680.05
2024-05-23,East,Phone,1862.49
2024-05-23,West,Laptop,1715.04
2024-05-24,North,Phone,1831.0
2024-05-24,South,Phone,1407.12
2024-05-24,East,Tablet,1595.44
2024-05-24,West,Phone,1323.4
2024-05-25,North,Laptop,2483.22
2024-05-25,South,Phone,1648.26
2024-05-25,East,Phone,1934.09
2024-05-25,West,Phone,1720.95
2024-05-26,North,Tablet,1967.52
2024-05-26,South,Phone,1704.5
2024-05-26,East,Tablet,1735.9
2024-05-26,West,Phone,1548.28
2024-05-27,North,Laptop,2198.5
2024-05-27,South,Phone,1700.69
2024-05-27,East,Laptop,2081.96
2024-05-27,West,Phone,1402.42
2024-05-28,North,Tablet,2064.37
2024-05-28,South,Tablet,1545.05
2024-05-28,East,Tablet,1627.02
2024-05-28,West,Laptop,1480.92
2024-05-29,North,Phone,1829.72
2024-05-29,South,Laptop,1864.95
2024-05-29,East,Laptop,1883.72
2024-05-29,West,Tablet,1328.6
2024-05-30,North,Phone,1463.95
2024-05-30,South,Tablet,1293.78
2024-05-30,East,Tablet,1600.97
2024-05-30,West,Tablet,844.46
2024-05-31,North,Laptop,2499.3
2024-05-31,South,Tablet,1396.98
2024-05-31,East,Tablet,1474.21
2024-05-31,West,Phone,1374.55
2024-06-01,North,Tablet,1781.85
2024-06-01,South,Phone,1519.73
2024-06-01,East,Laptop,2462.06
2024-06-01,West,Tablet,1561.6
2024-06-02,North,Tablet,1861.48
2024-06-02,South,Phone,1894.23
2024-06-02,East,Laptop,2220.93
2024-06-02,West,Tablet,1194.88
2024-06-03,North,Laptop,2229.63
2024-06-03,South,Phone,1335.78
2024-06-03,East,Tablet,1434.21
2024-06-03,West,Phone,1453.25
2024-06-04,North,Phone,1919.28
2024-06-04,South,Tablet,1293.93
2024-06-04,East,Laptop,2136.88
2024-06-04,West,Tablet,757.04
2024-06-05,North,Phone,1990.78
2024-06-05,South,Laptop,2117.31
2024-06-05,East,Laptop,2038.55
2024-06-05,West,Laptop,1906.85
2024-06-06,North,Phone,1647.29
2024-06-06,South,Phone,1240.3
2024-06-06,East,Laptop,2433.9
2024-06-06,West,Tablet,1201.64
2024-06-07,North,Laptop,2049.5
2024-06-07,South,Tablet,1270.25
2024-06-07,East,Tablet,1532.62
2024-06-07,West,Tablet,1073.41
2024-06-08,North,Phone,2155.6
2024-06-08,South,Tablet,1303.11
2024-06-08,East,Laptop,2591.58
2024-06-08,West,Tablet,1475.6
2024-06-09,North,Phone,2227.54
2024-06-09,South,Tablet,1927.02
2024-06-09,East,Phone,1876.94
2024-06-09,West,Tablet,1339.28
2024-06-10,North,Laptop,2402.55
2024-06-10,South,Laptop,1941.68
2024-06-10,East,Laptop,2285.8
2024-06-10,West,Tablet,1396.67
2024-06-11,North,Laptop,2125.28
2024-06-11,South,Laptop,2041.36
2024-06-11,East,Phone,1657.07
2024-06-11,West,Phone,1082.77
2024-06-12,North,Laptop,2252.49
2024-06-12,South,Laptop,1946.61
2024-06-12,East,Phone,1690.68
2024-06-12,West,Phone,1584.33
2024-06-13,North,Laptop,2479.18
2024-06-13,South,Phone,1688.11
2024-06-13,East,Tablet,1675.03
2024-06-13,West,Phone,1476.43
2024-06-14,North,Laptop,2357.81
2024-06-14,South,Laptop,2142.25
2024-06-14,East,Tablet,1384.04
2024-06-14,West,Phone,1400.08
2024-06-15,North,Laptop,2394.71
2024-06-15,South,Phone,1941.31
2024-06-15,East,Phone,2021.2
2024-06-15,West,Phone,1500.03
2024-06-16,North,Phone,1946.18
2024-06-16,South,Laptop,2373.63
2024-06-16,East,Phone,1724.19
2024-06-16,West,Laptop,2146.07
2024-06-17,North,Tablet,1579.67
2024-06-17,South,Tablet,1293.69
2024-06-17,East,Tablet,1512.96
2024-06-17,West,Laptop,1767.87
2024-06-18,North,Laptop,2330.34
2024-06-18,South,Laptop,1913.82
2024-06-18,East,Laptop,2087.49
2024-06-18,West,Laptop,1321.83
2024-06-19,North,Laptop,2343.2
2024-06-19,South,Tablet,1467.54
2024-06-19,East,Phone,1562.56
2024-06-19,West,Tablet,1403.32
2024-06-20,North,Phone,1903.73
2024-06-20,South,Laptop,1904.93
2024-06-20,East,Tablet,1699.83
2024-06-20,West,Tablet,1233.99
2024-06-21,North,Phone,1818.96
2024-06-21,South,Laptop,1748.13
2024-06-21,East,Tablet,1490.17
2024-06-21,West,Phone,1449.18
2024-06-22,North,Phone,1890.59
2024-06-22,South,Laptop,2183.31
2024-06-22,East,Tablet,1706.84
2024-06-22,West,Phone,1308.98
2024-06-23,North,Laptop,2497.07
2024-06-23,South,Tablet,1765.28
2024-06-23,East,Laptop,2674.81
2024-06-23,West,Laptop,2175.43
2024-06-24,North,Laptop,2251.41
2024-06-24,South,Tablet,1549.5
2024-06-24,East,Phone,1717.68
2024-06-24,West,Laptop,1774.3
2024-06-25,North,Laptop,2231.07
2024-06-25,South,Laptop,1689.28
2024-06-25,East,Laptop,2045.78
2024-06-25,West,Phone,1462.47
2024-06-26,North,Phone,1891.91
2024-06-26,South,Tablet,1202.65
2024-06-26,East,Laptop,1972.0
2024-06-26,West,Tablet,1212.79
2024-06-27,North,Tablet,1696.4
2024-06-27,South,Tablet,1416.19
2024-06-27,East,Phone,1688.86
2024-06-27,West,Tablet,1175.37
2024-06-28,North,Phone,1636.55
2024-06-28,South,Phone,1576.8
2024-06-28,East,Phone,1953.5
2024-06-28,West,Laptop,1963.41
2024-06-29,North,Tablet,2006.76
2024-06-29,South,Phone,1975.48
2024-06-29,East,Tablet,1934.94
2024-06-29,West,Laptop,1868.68
2024-06-30,North,Laptop,2796.61
2024-06-30,South,Tablet,1664.86
2024-06-30,East,Tablet,1668.87
2024-06-30,West,Laptop,2046.67
2024-07-01,North,Laptop,2146.04
2024-07-01,South,Phone,1734.5
2024-07-01,East,Tablet,1530.47
2024-07-01,West,Phone,1474.52
2024-07-02,North,Tablet,1822.72
2024-07-02,South,Laptop,1633.97
2024-07-02,East,Tablet,1615.63
2024-07-02,West,Laptop,1536.04
2024-07-03,North,Phone,1878.82
2024-07-03,South,Laptop,2151.04
2024-07-03,East,Phone,1768.73
2024-07-03,West,Laptop,1653.04
2024-07-04,North,Tablet,1390.26
2024-07-04,South,Laptop,1847.1
2024-07-04,East,Laptop,1830.92
2024-07-04,West,Tablet,996.68
2024-07-05,North,Laptop,2598.92
2024-07-05,South,Phone,1433.11
2024-07-05,East,Tablet,1737.25
2024-07-05,West,Laptop,1712.47
2024-07-06,North,Phone,2107.01
2024-07-06,South,Laptop,2168.69
2024-07-06,East,Tablet,1575.48
2024-07-06,West,Tablet,1389.71
2024-07-07,North,Laptop,2603.03
2024-07-07,South,Phone,1637.82
2024-07-07,East,Laptop,2640.1
2024-07-07,West,Laptop,2206.25
2024-07-08,North,Tablet,1849.38
2024-07-08,South,Tablet,1388.25
2024-07-08,East,Laptop,1971.66
2024-07-08,West,Tablet,1045.81
2024-07-09,North,Tablet,1829.25
2024-07-09,South,Phone,1570.86
2024-07-09,East,Laptop,2088.9
2024-07-09,West,Tablet,1188.65
2024-07-10,North,Tablet,1586.55
2024-07-10,South,Phone,1575.88
2024-07-10,East,Phone,1741.47
2024-07-10,West,Phone,899.07
2024-07-11,North,Phone,2054.18
2024-07-11,South,Phone,1452.12
2024-07-11,East,Phone,1555.22
2024-07-11,West,Laptop,1708.31
2024-07-12,North,Laptop,2152.53
2024-07-12,South,Phone,1307.18
2024-07-12,East,Tablet,1895.03
2024-07-12,West,Laptop,1879.76
2024-07-13,North,Phone,2151.63
2024-07-13,South,Laptop,2549.53
2024-07-13,East,Phone,1723.08
2024-07-13,West,Phone,1782.94
2024-07-14,North,Laptop,2355.29
2024-07-14,South,Phone,1913.04
2024-07-14,East,Tablet,1642.48
2024-07-14,West,Tablet,1357.95
2024-07-15,North,Tablet,1664.85
2024-07-15,South,Laptop,2071.12
2024-07-15,East,Phone,1608.9
2024-07-15,West,Phone,1388.42
2024-07-16,North,Tablet,1748.88
2024-07-16,South,Laptop,2131.25
2024-07-16,East,Phone,1737.89
2024-07-16,West,Tablet,1407.68
2024-07-17,North,Phone,1534.87
2024-07-17,South,Laptop,1723.47
2024-07-17,East,Tablet,1584.35
2024-07-17,West,Tablet,1141.83
2024-07-18,North,Tablet,1865.44
2024-07-18,South,Laptop,2240.3
2024-07-18,East,Phone,1721.83
2024-07-18,West,Phone,1307.88
2024-07-19,North,Laptop,2068.34
2024-07-19,South,Tablet,1369.84
2024-07-19,East,Phone,1683.27
2024-07-19,West,Tablet,1079.26
2024-07-20,North,Tablet,1877.42
2024-07-20,South,Tablet,1470.28
2024-07-20,East,Tablet,1705.85
2024-07-20,West,Laptop,1985.91
2024-07-21,North,Laptop,2288.54
2024-07-21,South,Tablet,1501.7
2024-07-21,East,Phone,1957.82
2024-07-21,West,Laptop,1894.25
2024-07-22,North,Tablet,1718.98
2024-07-22,South,Laptop,1839.82
2024-07-22,East,Tablet,1523.5
2024-07-22,West,Laptop,1953.53
2024-07-23,North,Laptop,2615.55
2024-07-23,South,Laptop,2039.46
2024-07-23,East,Phone,1631.82
2024-07-23,West,Laptop,1767.2
2024-07-24,North,Laptop,2396.78
2024-07-24,South,Phone,1661.75
2024-07-24,East,Laptop,2265.84
2024-07-24,West,Laptop,1938.26
2024-07-25,North,Phone,2045.53
2024-07-25,South,Tablet,1169.26
2024-07-25,East,Laptop,2076.16
2024-07-25,West,Tablet,1137.23
2024-07-26,North,Laptop,2245.8
2024-07-26,South,Laptop,1940.37
2024-07-26,East,Phone,1707.85
2024-07-26,West,Tablet,1273.62
2024-07-27,North,Phone,1992.15
2024-07-27,South,Phone,1776.9
2024-07-27,East,Phone,2048.11
2024-07-27,West,Tablet,1536.03
2024-07-28,North,Laptop,2767.33
2024-07-28,South,Tablet,1545.29
2024-07-28,East,Laptop,2280.38
2024-07-28,West,Tablet,1183.17
2024-07-29,North,Tablet,1706.78
2024-07-29,South,Laptop,1957.68
2024-07-29,East,Laptop,2148.45
2024-07-29,West,Tablet,1190.85
2024-07-30,North,Phone,1979.58
2024-07-30,South,Tablet,1271.76
2024-07-30,East,Laptop,2165.22
2024-07-30,West,Laptop,1871.31
2024-07-31,North,Phone,1923.96
2024-07-31,South,Phone,1495.06
2024-07-31,East,Tablet,1691.93
2024-07-31,West,Laptop,1467.48
2024-08-01,North,Phone,1923.59
2024-08-01,South,Tablet,1350.93
2024-08-01,East,Laptop,2012.73
2024-08-01,West,Tablet,1023.92
2024-08-02,North,Tablet,1810.33
2024-08-02,South,Laptop,2198.77
2024-08-02,East,Tablet,1313.17
2024-08-02,West,Laptop,1690.51
2024-08-03,North,Laptop,2552.53
2024-08-03,South,Phone,1631.95
2024-08-03,East,Tablet,1644.49
2024-08-03,West,Tablet,1487.42
2024-08-04,North,Phone,2192.02
2024-08-04,South,Tablet,1536.43
2024-08-04,East,Laptop,2333.23
2024-08-04,West,Laptop,2298.45
2024-08-05,North,Phone,1735.29
2024-08-05,South,Laptop,1955.87
2024-08-05,East,Tablet,1588.4
2024-08-05,West,Laptop,1760.8
2024-08-06,North,Laptop,2216.7
2024-08-06,South,Laptop,1803.96
2024-08-06,East,Phone,1669.73
2024-08-06,West,Phone,1447.98
2024-08-07,North,Laptop,2198.17
2024-08-07,South,Tablet,1303.3
2024-08-07,East,Tablet,1399.27
2024-08-07,West,Tablet,1216.94
2024-08-08,North,Phone,1766.6
2024-08-08,South,Laptop,2156.74
2024-08-08,East,Tablet,1494.28
2024-08-08,West,Laptop,1807.47
2024-08-09,North,Laptop,2334.36
2024-08-09,South,Laptop,2111.15
2024-08-09,East,Phone,1876.53
2024-08-09,West,Laptop,1872.68
2024-08-10,North,Phone,2206.65
2024-08-10,South,Tablet,1676.5
2024-08-10,East,Laptop,2290.21
2024-08-10,West,Tablet,1284.26
2024-08-11,North,Phone,2263.38
2024-08-11,South,Phone,1507.28
2024-08-11,East,Laptop,2703.06
2024-08-11,West,Tablet,1196.57
2024-08-12,North,Tablet,1837.4
2024-08-12,South,Laptop,2062.4
2024-08-12,East,Phone,1592.15
2024-08-12,West,Laptop,1565.54
2024-08-13,North,Tablet,1860.26
2024-08-13,South,Laptop,2040.62
2024-08-13,East,Tablet,1845.55
2024-08-13,West,Phone,1178.08
2024-08-14,North,Tablet,1771.95
2024-08-14,South,Phone,1579.84
2024-08-14,East,Laptop,1953.99
2024-08-14,West,Tablet,1351.07
2024-08-15,North,Tablet,1750.42
2024-08-15,South,Laptop,1915.88
2024-08-15,East,Tablet,1428.92
2024-08-15,West,Laptop,1745.13
2024-08-16,North,Laptop,2130.1
2024-08-16,South,Laptop,2063.88
2024-08-16,East,Tablet,1378.99
2024-08-16,West,Tablet,946.1
2024-08-17,North,Tablet,1960.1
2024-08-17,South,Tablet,1569.21
2024-08-17,East,Laptop,2565.66
2024-08-17,West,Tablet,1274.92
2024-08-18,North,Tablet,1807.13
2024-08-18,South,Phone,1739.88
2024-08-18,East,Laptop,2494.66
2024-08-18,West,Phone,1853.37
2024-08-19,North,Tablet,1403.27
2024-08-19,South,Phone,1557.04
2024-08-19,East,Tablet,1693.54
2024-08-19,West,Tablet,1314.62
2024-08-20,North,Phone,1668.58
2024-08-20,South,Tablet,1255.09
2024-08-20,East,Phone,1716.41
2024-08-20,West,Tablet,1211.36
2024-08-21,North,Laptop,2467.82
2024-08-21,South,Phone,1438.45
2024-08-21,East,Laptop,2285.66
2024-08-21,West,Phone,1606.84
2024-08-22,North,Tablet,1723.17
2024-08-22,South,Phone,1566.55
2024-08-22,East,Tablet,1378.35
2024-08-22,West,Tablet,1032.89
2024-08-23,North,Phone,2017.02
2024-08-23,South,Tablet,1362.61
2024-08-23,East,Tablet,1394.9
2024-08-23,West,Phone,1532.4
2024-08-24,North,Phone,2207.4
2024-08-24,South,Laptop,2297.12
2024-08-24,East,Tablet,2058.1
2024-08-24,West,Phone,1611.32
2024-08-25,North,Tablet,1900.99
2024-08-25,South,Tablet,1443.29
2024-08-25,East,Tablet,1705.67
2024-08-25,West,Tablet,1431.1
2024-08-26,North,Phone,2042.1
2024-08-26,South,Tablet,1244.35
2024-08-26,East,Laptop,2105.1
2024-08-26,West,Phone,1425.34
2024-08-27,North,Tablet,1690.3
2024-08-27,South,Tablet,1360.93
2024-08-27,East,Tablet,1580.87
2024-08-27,West,Laptop,1946.76
2024-08-28,North,Phone,2119.19
2024-08-28,South,Tablet,1073.41
2024-08-28,East,Tablet,1717.99
2024-08-28,West,Tablet,1183.04
2024-08-29,North,Tablet,1882.73
2024-08-29,South,Tablet,1508.61
2024-08-29,East,Tablet,1554.21
2024-08-29,West,Tablet,1291.23
2024-08-30,North,Phone,2039.97
2024-08-30,South,Tablet,1316.59
2024-08-30,East,Tablet,1510.91
2024-08-30,West,Tablet,1228.09
2024-08-31,North,Tablet,2104.48
2024-08-31,South,Laptop,2133.05
2024-08-31,East,Phone,1941.71
2024-08-31,West,Phone,1629.63
2024-09-01,North,Phone,2213.33
2024-09-01,South,Laptop,1991.37
2024-09-01,East,Phone,1933.75
2024-09-01,West,Tablet,1191.09
2024-09-02,North,Tablet,1667.08
2024-09-02,South,Phone,1402.05
2024-09-02,East,Tablet,1472.78
2024-09-02,West,Phone,1384.05
2024-09-03,North,Laptop,2066.99
2024-09-03,South,Laptop,2211.88
2024-09-03,East,Laptop,2006.69
2024-09-03,West,Phone,1487.41
2024-09-04,North,Phone,1773.63
2024-09-04,South,Phone,1610.48
2024-09-04,East,Tablet,1512.65
2024-09-04,West,Phone,1647.69
2024-09-05,North,Phone,2018.98
2024-09-05,South,Tablet,1331.69
2024-09-05,East,Laptop,1980.46
2024-09-05,West,Phone,1797.22
2024-09-06,North,Laptop,2319.34
2024-09-06,South,Phone,1408.21
2024-09-06,East,Phone,1592.8
2024-09-06,West,Phone,1478.19
2024-09-07,North,Tablet,1977.41
2024-09-07,South,Laptop,2199.24
2024-09-07,East,Tablet,1575.73
2024-09-07,West,Laptop,2042.77
2024-09-08,North,Phone,2204.13
2024-09-08,South,Laptop,2209.02
2024-09-08,East,Phone,1939.03
2024-09-08,West,Phone,1541.93
2024-09-09,North,Phone,1796.16
2024-09-09,South,Tablet,1054.66
2024-09-09,East,Laptop,2270.76
2024-09-09,West,Tablet,1204.2
2024-09-10,North,Phone,1941.6
2024-09-10,South,Phone,1546.66
2024-09-10,East,Phone,1445.08
2024-09-10,West,Phone,1472.16
2024-09-11,North,Laptop,2263.97
2024-09-11,South,Phone,1687.41
2024-09-11,East,Tablet,1538.32
2024-09-11,West,Laptop,1542.52
2024-09-12,North,Tablet,1746.72
2024-09-12,South,Tablet,1332.08
2024-09-12,East,Phone,1850.27
2024-09-12,West,Phone,1325.36
2024-09-13,North,Laptop,2099.13
2024-09-13,South,Phone,1573.96
2024-09-13,East,Tablet,1365.18
2024-09-13,West,Tablet,899.56
2024-09-14,North,Phone,1873.66
2024-09-14,South,Phone,1769.59
2024-09-14,East,Laptop,2256.55
2024-09-14,West,Phone,1451.22
2024-09-15,North,Tablet,2024.66
2024-09-15,South,Phone,1699.92
2024-09-15,East,Tablet,1591.32
2024-09-15,West,Phone,1657.94
2024-09-16,North,Tablet,1686.15
2024-09-16,South,Laptop,1756.38
2024-09-16,East,Laptop,2072.55
2024-09-16,West,Phone,1234.65
2024-09-17,North,Phone,2135.48
2024-09-17,South,Phone,1560.3
2024-09-17,East,Tablet,1508.03
2024-09-17,West,Tablet,1236.44
2024-09-18,North,Phone,1691.72
2024-09-18,South,Phone,1309.96
2024-09-18,East,Tablet,1746.3
2024-09-18,West,Phone,1513.04
2024-09-19,North,Laptop,2488.15
2024-09-19,South,Phone,1519.88
2024-09-19,East,Laptop,1950.92
2024-09-19,West,Laptop,1863.03
2024-09-20,North,Phone,1866.9
2024-09-20,South,Laptop,1838.66
2024-09-20,East,Laptop,2042.58
2024-09-20,West,Laptop,1781.44
2024-09-21,North,Tablet,2038.6
2024-09-21,South,Laptop,2222.38
2024-09-21,East,Phone,1895.02
2024-09-21,West,Tablet,1420.39
2024-09-22,North,Phone,2382.22
2024-09-22,South,Phone,1697.67
2024-09-22,East,Tablet,1548.57
2024-09-22,West,Phone,1683.13
2024-09-23,North,Laptop,2341.85
2024-09-23,South,Phone,1679.27
2024-09-23,East,Tablet,1469.62
2024-09-23,West,Phone,1320.76
2024-09-24,North,Phone,1754.48
2024-09-24,South,Phone,1490.37
2024-09-24,East,Phone,1633.54
2024-09-24,West,Laptop,1977.26
2024-09-25,North,Laptop,2207.85
2024-09-25,South,Phone,1443.53
2024-09-25,East,Tablet,1677.5
2024-09-25,West,Laptop,2051.09
2024-09-26,North,Tablet,1820.23
2024-09-26,South,Phone,1696.6
2024-09-26,East,Tablet,1421.3
2024-09-26,West,Phone,1474.05
2024-09-27,North,Tablet,1502.72
2024-09-27,South,Phone,1492.99
2024-09-27,East,Tablet,1666.93
2024-09-27,West,Laptop,1835.77
2024-09-28,North,Laptop,2539.72
2024-09-28,South,Laptop,2206.91
2024-09-28,East,Laptop,2200.67
2024-09-28,West,Laptop,2103.28
2024-09-29,North,Laptop,2729.86
2024-09-29,South,Laptop,2177.23
2024-09-29,East,Phone,1874.35
2024-09-29,West,Laptop,2230.28
2024-09-30,North,Laptop,2581.34
2024-09-30,South,Phone,1792.86
2024-09-30,East,Tablet,1449.55
2024-09-30,West,Laptop,1566.92
2024-10-01,North,Phone,1691.47
2024-10-01,South,Laptop,1973.66
2024-10-01,East,Laptop,1935.39
2024-10-01,West,Laptop,1578.46
2024-10-02,North,Laptop,2357.19
2024-10-02,South,Tablet,1329.61
2024-10-02,East,Tablet,1478.34
2024-10-02,West,Tablet,1148.11
2024-10-03,North,Tablet,1761.25
2024-10-03,South,Phone,1503.42
2024-10-03,East,Phone,1423.43
2024-10-03,West,Laptop,1666.45
2024-10-04,North,Phone,1834.78
2024-10-04,South,Laptop,2019.37
2024-10-04,East,Phone,1428.38
2024-10-04,West,Laptop,1872.46
2024-10-05,North,Tablet,2084.83
2024-10-05,South,Phone,1881.14
2024-10-05,East,Tablet,1475.44
2024-10-05,West,Laptop,2227.37
2024-10-06,North,Phone,2101.58
2024-10-06,South,Phone,1762.99
2024-10-06,East,Phone,1871.85
2024-10-06,West,Laptop,2361.0
2024-10-07,North,Tablet,1898.81
2024-10-07,South,Tablet,1138.98
2024-10-07,East,Laptop,2048.86
2024-10-07,West,Phone,1362.9
2024-10-08,North,Tablet,1629.87
2024-10-08,South,Tablet,1347.73
2024-10-08,East,Tablet,1486.88
2024-10-08,West,Phone,1482.25
2024-10-09,North,Laptop,2308.97
2024-10-09,South,Laptop,2092.43
2024-10-09,East,Phone,1648.04
2024-10-09,West,Phone,1158.26
2024-10-10,North,Laptop,2412.9
2024-10-10,South,Phone,1371.88
2024-10-10,East,Phone,1771.09
2024-10-10,West,Tablet,1091.91
2024-10-11,North,Tablet,1833.13
2024-10-11,South,Phone,1664.13
2024-10-11,East,Tablet,1687.43
2024-10-11,West,Phone,1200.08
2024-10-12,North,Laptop,2796.2
2024-10-12,South,Phone,1700.06
2024-10-12,East,Laptop,2325.45
2024-10-12,West,Tablet,1021.45
2024-10-13,North,Phone,2253.64
2024-10-13,South,Laptop,2185.26
2024-10-13,East,Tablet,1675.66
2024-10-13,West,Tablet,1433.9
2024-10-14,North,Phone,2023.48
2024-10-14,South,Laptop,2052.48
2024-10-14,East,Tablet,1435.19
2024-10-14,West,Phone,1290.9
2024-10-15,North,Laptop,2402.18
2024-10-15,South,Phone,1625.3
2024-10-15,East,Phone,1590.26
2024-10-15,West,Phone,1683.57
2024-10-16,North,Tablet,1749.99
2024-10-16,South,Tablet,1375.48
2024-10-16,East,Phone,1897.14
2024-10-16,West,Laptop,1819.75
2024-10-17,North,Laptop,2387.01
2024-10-17,South,Laptop,2031.52
2024-10-17,East,Tablet,1327.47
2024-10-17,West,Phone,1452.0
2024-10-18,North,Laptop,2352.13
2024-10-18,South,Laptop,1963.0
2024-10-18,East,Tablet,1511.55
2024-10-18,West,Phone,1418.61
2024-10-19,North,Phone,2270.22
2024-10-19,South,Tablet,1395.05
2024-10-19,East,Laptop,2377.6
2024-10-19,West,Phone,1985.25
2024-10-20,North,Tablet,2017.27
2024-10-20,South,Laptop,2143.19
2024-10-20,East,Laptop,2436.23
2024-10-20,West,Phone,1246.54
2024-10-21,North,Phone,1966.53
2024-10-21,South,Phone,1294.68
2024-10-21,East,Phone,1390.24
2024-10-21,West,Phone,1404.27
2024-10-22,North,Phone,1895.54
2024-10-22,South,Phone,1468.08
2024-10-22,East,Tablet,1410.34
2024-10-22,West,Tablet,1225.35
2024-10-23,North,Phone,1722.43
2024-10-23,South,Phone,1738.5
2024-10-23,East,Laptop,2048.61
2024-10-23,West,Laptop,1535.16
2024-10-24,North,Tablet,1805.22
2024-10-24,South,Phone,1669.04
2024-10-24,East,Tablet,1607.67
2024-10-24,West,Phone,1319.69
2024-10-25,North,Phone,1752.25
2024-10-25,South,Phone,1579.8
2024-10-25,East,Laptop,2276.63
2024-10-25,West,Phone,1368.11
2024-10-26,North,Tablet,1877.35
2024-10-26,South,Tablet,1539.29
2024-10-26,East,Tablet,1977.69
2024-10-26,West,Phone,1886.58
2024-10-27,North,Phone,2083.2
2024-10-27,South,Laptop,2194.76
2024-10-27,East,Phone,1982.9
2024-10-27,West,Laptop,2229.09
2024-10-28,North,Tablet,1721.88
2024-10-28,South,Phone,1276.09
2024-10-28,East,Tablet,1328.65
2024-10-28,West,Phone,1551.13
2024-10-29,North,Tablet,1587.89
2024-10-29,South,Phone,1470.3
2024-10-29,East,Laptop,1914.62
2024-10-29,West,Phone,1426.16
2024-10-30,North,Laptop,2140.45
2024-10-30,South,Tablet,1245.83
2024-10-30,East,Phone,1558.93
2024-10-30,West,Tablet,1205.19
2024-10-31,North,Phone,2105.51
2024-10-31,South,Phone,1305.07
2024-10-31,East,Tablet,1569.04
2024-10-31,West,Tablet,1229.23
2024-11-01,North,Phone,2204.81
2024-11-01,South,Laptop,2553.99
2024-11-01,East,Laptop,2632.49
2024-11-01,West,Laptop,2201.89
2024-11-02,North,Laptop,3114.58
2024-11-02,South,Phone,2023.87
2024-11-02,East,Tablet,1925.2
2024-11-02,West,Tablet,1907.79
2024-11-03,North,Tablet,2189.38
2024-11-03,South,Phone,2195.94
2024-11-03,East,Laptop,2997.74
2024-11-03,West,Laptop,2335.78
2024-11-04,North,Laptop,2758.1
2024-11-04,South,Laptop,2358.9
2024-11-04,East,Laptop,2695.41
2024-11-04,West,Laptop,2131.12
2024-11-05,North,Tablet,2019.46
2024-11-05,South,Tablet,1678.72
2024-11-05,East,Tablet,1996.68
2024-11-05,West,Laptop,2126.35
2024-11-06,North,Laptop,2888.94
2024-11-06,South,Phone,1871.97
2024-11-06,East,Tablet,1635.21
2024-11-06,West,Phone,1893.08
2024-11-07,North,Phone,2143.3
2024-11-07,South,Laptop,2157.19
2024-11-07,East,Laptop,2617.4
2024-11-07,West,Laptop,2281.68
2024-11-08,North,Laptop,2534.97
2024-11-08,South,Phone,1743.17
2024-11-08,East,Tablet,2002.66
2024-11-08,West,Laptop,2292.93
2024-11-09,North,Tablet,2527.82
2024-11-09,South,Tablet,1789.03
2024-11-09,East,Laptop,2867.95
2024-11-09,West,Tablet,1690.78
2024-11-10,North,Phone,2520.56
2024-11-10,South,Laptop,2526.85
2024-11-10,East,Phone,2579.82
2024-11-10,West,Laptop,2254.43
2024-11-11,North,Phone,2153.91
2024-11-11,South,Laptop,2452.49
2024-11-11,East,Phone,1849.29
2024-11-11,West,Phone,1665.24
2024-11-12,North,Laptop,2668.85
2024-11-12,South,Tablet,1599.4
2024-11-12,East,Phone,2292.65
2024-11-12,West,Phone,1830.0
2024-11-13,North,Laptop,2855.42
2024-11-13,South,Tablet,1376.47
2024-11-13,East,Phone,2045.78
2024-11-13,West,Tablet,1656.09
2024-11-14,North,Tablet,2213.89
2024-11-14,South,Laptop,2347.06
2024-11-14,East,Phone,2240.7
2024-11-14,West,Tablet,1495.31
2024-11-15,North,Tablet,1812.16
2024-11-15,South,Phone,1465.39
2024-11-15,East,Tablet,1722.78
2024-11-15,West,Laptop,2196.53
2024-11-16,North,Phone,2507.13
2024-11-16,South,Tablet,1857.82
2024-11-16,East,Laptop,3046.52
2024-11-16,West,Tablet,1623.43
2024-11-17,North,Phone,2655.46
2024-11-17,South,Tablet,2052.37
2024-11-17,East,Tablet,2071.92
2024-11-17,West,Tablet,1727.97
2024-11-18,North,Laptop,2931.93
2024-11-18,South,Phone,1845.3
2024-11-18,East,Laptop,2475.39
2024-11-18,West,Tablet,1403.04
2024-11-19,North,Laptop,2730.57
2024-11-19,South,Phone,1759.33
2024-11-19,East,Laptop,2517.31
2024-11-19,West,Laptop,2129.31
2024-11-20,North,Laptop,2749.27
2024-11-20,South,Phone,1763.5
2024-11-20,East,Phone,2240.67
2024-11-20,West,Laptop,2015.45
2024-11-21,North,Laptop,2614.18
2024-11-21,South,Laptop,2487.35
2024-11-21,East,Phone,1968.19
2024-11-21,West,Tablet,1493.92
2024-11-22,North,Laptop,2749.29
2024-11-22,South,Tablet,1728.69
2024-11-22,East,Phone,2016.01
2024-11-22,West,Laptop,2300.48
2024-11-23,North,Phone,2631.69
2024-11-23,South,Laptop,2440.93
2024-11-23,East,Laptop,2888.09
2024-11-23,West,Tablet,1880.38
2024-11-24,North,Phone,2170.86
2024-11-24,South,Phone,2224.68
2024-11-24,East,Laptop,2650.97
2024-11-24,West,Laptop,2574.69
2024-11-25,North,Tablet,2056.58
2024-11-25,South,Laptop,2246.05
2024-11-25,East,Tablet,1676.3
2024-11-25,West,Laptop,2360.02
2024-11-26,North,Tablet,2027.71
2024-11-26,South,Tablet,1783.62
2024-11-26,East,Phone,2159.68
2024-11-26,West,Tablet,1161.1
2024-11-27,North,Laptop,2711.93
2024-11-27,South,Tablet,1623.71
2024-11-27,East,Phone,2318.5
2024-11-27,West,Laptop,2087.74
2024-11-28,North,Laptop,3058.25
2024-11-28,South,Laptop,2682.07
2024-11-28,East,Phone,1962.36
2024-11-28,West,Laptop,2115.26
2024-11-29,North,Phone,2319.78
2024-11-29,South,Phone,1763.05
2024-11-29,East,Laptop,2566.68
2024-11-29,West,Tablet,1491.78
2024-11-30,North,Laptop,3200.61
2024-11-30,South,Tablet,1548.02
2024-11-30,East,Tablet,2259.57
2024-11-30,West,Laptop,2334.54
2024-12-01,North,Laptop,3580.41
2024-12-01,South,Tablet,2289.87
2024-12-01,East,Tablet,2343.81
2024-12-01,West,Phone,2183.56
2024-12-02,North,Phone,2805.81
2024-12-02,South,Laptop,2925.52
2024-12-02,East,Laptop,2893.66
2024-12-02,West,Tablet,1442.36
2024-12-03,North,Phone,2493.76
2024-12-03,South,Phone,2409.11
2024-12-03,East,Tablet,2249.64
2024-12-03,West,Phone,1916.98
2024-12-04,North,Tablet,2545.75
2024-12-04,South,Phone,2497.87
2024-12-04,East,Phone,2096.87
2024-12-04,West,Tablet,1590.54
2024-12-05,North,Phone,2491.81
2024-12-05,South,Laptop,2869.41
2024-12-05,East,Phone,2441.89
2024-12-05,West,Tablet,1589.64
2024-12-06,North,Phone,2509.01
2024-12-06,South,Phone,2082.05
2024-12-06,East,Tablet,1901.86
2024-12-06,West,Phone,1641.45
2024-12-07,North,Phone,2991.91
2024-12-07,South,Laptop,3341.94
2024-12-07,East,Tablet,2361.88
2024-12-07,West,Tablet,2088.08
2024-12-08,North,Tablet,2736.4
2024-12-08,South,Laptop,3102.12
2024-12-08,East,Phone,2628.96
2024-12-08,West,Tablet,1702.94
2024-12-09,North,Phone,2610.1
2024-12-09,South,Tablet,2080.15
2024-12-09,East,Tablet,2280.99
2024-12-09,West,Phone,1730.92
2024-12-10,North,Phone,2512.3
2024-12-10,South,Phone,2051.12
2024-12-10,East,Tablet,2347.47
2024-12-10,West,Tablet,1572.23
2024-12-11,North,Laptop,3023.89
2024-12-11,South,Tablet,1650.32
2024-12-11,East,Tablet,2005.5
2024-12-11,West,Phone,2069.79
2024-12-12,North,Tablet,2386.65
2024-12-12,South,Laptop,2468.14
2024-12-12,East,Phone,2318.6
2024-12-12,West,Laptop,2670.89
2024-12-13,North,Laptop,3243.17
2024-12-13,South,Laptop,2679.52
2024-12-13,East,Laptop,2681.82
2024-12-13,West,Tablet,1542.58
2024-12-14,North,Tablet,2622.62
2024-12-14,South,Tablet,2328.95
2024-12-14,East,Tablet,2345.15
2024-12-14,West,Laptop,2629.79
2024-12-15,North,Tablet,2899.59
2024-12-15,South,Phone,2736.11
2024-12-15,East,Laptop,3184.55
2024-12-15,West,Laptop,2603.26
2024-12-16,North,Tablet,2070.49
2024-12-16,South,Tablet,1842.4
2024-12-16,East,Phone,2405.53
2024-12-16,West,Phone,2103.3
2024-12-17,North,Phone,2594.13
2024-12-17,South,Laptop,2722.29
2024-12-17,East,Tablet,2160.86
2024-12-17,West,Tablet,1651.17
2024-12-18,North,Laptop,3208.43
2024-12-18,South,Tablet,1793.84
2024-12-18,East,Tablet,2009.56
2024-12-18,West,Phone,2007.69
2024-12-19,North,Phone,2748.72
2024-12-19,South,Laptop,2832.03
2024-12-19,East,Tablet,2255.27
2024-12-19,West,Laptop,2586.83
2024-12-20,North,Laptop,3130.51
2024-12-20,South,Tablet,2204.69
2024-12-20,East,Laptop,2954.5
2024-12-20,West,Laptop,2471.41
2024-12-21,North,Laptop,3441.67
2024-12-21,South,Phone,2413.59
2024-12-21,East,Tablet,2475.52
2024-12-21,West,Phone,2138.24
2024-12-22,North,Tablet,2381.25
2024-12-22,South,Tablet,2479.81
2024-12-22,East,Laptop,3514.32
2024-12-22,West,Laptop,2952.18
2024-12-23,North,Laptop,3159.06
2024-12-23,South,Phone,2077.48
2024-12-23,East,Laptop,2961.88
2024-12-23,West,Tablet,1767.79
2024-12-24,North,Phone,3074.92
2024-12-24,South,Laptop,2770.24
2024-12-24,East,Phone,2170.43
2024-12-24,West,Phone,2143.31
2024-12-25,North,Tablet,2450.29
2024-12-25,South,Tablet,2087.48
2024-12-25,East,Laptop,2870.56
2024-12-25,West,Phone,1751.16
2024-12-26,North,Phone,2772.85
2024-12-26,South,Tablet,1943.83
2024-12-26,East,Tablet,1851.96
2024-12-26,West,Laptop,2559.69
2024-12-27,North,Laptop,3298.72
2024-12-27,South,Tablet,2114.31
2024-12-27,East,Tablet,2280.53
2024-12-27,West,Laptop,2571.49
2024-12-28,North,Phone,3281.0
2024-12-28,South,Tablet,2145.09
2024-12-28,East,Phone,2632.85
2024-12-28,West,Laptop,2668.53
2024-12-29,North,Laptop,3798.96
2024-12-29,South,Tablet,2135.99
2024-12-29,East,Phone,2892.84
2024-12-29,West,Laptop,2977.58
2024-12-30,North,Laptop,3060.0
2024-12-30,South,Phone,2335.36
2024-12-30,East,Laptop,2992.56
2024-12-30,West,Laptop,2393.35
2024-12-31,North,Laptop,3284.37
2024-12-31,South,Laptop,2622.49
2024-12-31,East,Tablet,2265.04
2024-12-31,West,Tablet,1677.31
2023-01-01,north,Tablet,1872.46
2023-01-01,north,Laptop,2319.81
2023-01-01,north,Laptop,2379.88
2023-01-01,north,Tablet,1344.88
2023-01-02,north,Tablet,1741.86
2023-01-02,north,Tablet,1501.58
2023-01-02,north,Phone,1711.97
2023-01-02,north,Phone,1376.07
2023-01-03,north,Phone,2119.36
2023-01-03,north,Laptop,2180.81
2023-01-03,north,Laptop,2222.47
2023-01-03,north,Phone,1171.42
2023-01-04,north,Tablet,1919.85
2023-01-04,north,Tablet,1316.13
2023-01-04,north,Tablet,1496.33
